judge_last,judge_first,court_city,court_state,court_circuit,court_address,court_admin,court_phone
Cortes, John W.,Eloy,Arizona,9,1705 E Hanna Rd,"Padilla, Victoria",520-466-3671
Gaz, Jennifer I.,Eloy,Arizona,9,1705 E Hanna Rd,"Padilla, Victoria",520-466-3671
Habich, Paul,Eloy,Arizona,9,1705 E Hanna Rd,"Padilla, Victoria",520-466-3671
Penalosa Jr., Jose L.,Eloy,Arizona,9,1705 E Hanna Rd,"Padilla, Victoria",520-466-3671
Frazer, Molly S.,Florence,Arizona,9,3260 N Pinal Pkwy Ave,"Toliusis, Rachel",520-868-3341
Guerrero, Marni,Florence,Arizona,9,3260 N Pinal Pkwy Ave,"Toliusis, Rachel",520-868-3341
Taylor, Bruce A.,Florence,Arizona,9,3260 N Pinal Pkwy Ave,"Toliusis, Rachel",520-868-3341
Bartlemay Sr., Robert C.,Phoenix,Arizona,9,250 N Seventh Ave,"Riebs, Sathya",602-640-2747
Cottor, Elizabeth A.,Phoenix,Arizona,9,250 N Seventh Ave,"Riebs, Sathya",602-640-2747
Freerks, LaMonte S.,Phoenix,Arizona,9,250 N Seventh Ave,"Riebs, Sathya",602-640-2747
Imburgia, Joseph S.,Phoenix,Arizona,9,250 N Seventh Ave,"Riebs, Sathya",602-640-2747
Josephson, Ken,Phoenix,Arizona,9,250 N Seventh Ave,"Riebs, Sathya",602-640-2747
Karlen, Melissa B.,Phoenix,Arizona,9,250 N Seventh Ave,"Riebs, Sathya",602-640-2747
Sharda, Munish,Phoenix,Arizona,9,250 N Seventh Ave,"Riebs, Sathya",602-640-2747
Spencer-Walters, Linda,Phoenix,Arizona,9,250 N Seventh Ave,"Riebs, Sathya",602-640-2747
Davis, John W.,Tucson,Arizona,9,300 W Congress,"Graff, Corey",520-670-5212
DeAngelis, Kathryn L.,Tucson,Arizona,9,300 W Congress,"Graff, Corey",520-670-5212
Keenan, Sean H.,Tucson,Arizona,9,300 W Congress,"Graff, Corey",520-670-5212
Mathon, Lauren,Tucson,Arizona,9,300 W Congress,"Graff, Corey",520-670-5212
DePowell, Bryan E.,Adelanto,California,9,Adelanto Detention Facility,"Roberts, Valerie (Acting)",760-561-6500
Halperin, Ravit R.,Adelanto,California,9,Adelanto Detention Facility,"Roberts, Valerie (Acting)",760-561-6500
Marcus, Steven,Adelanto,California,9,Adelanto Detention Facility,"Roberts, Valerie (Acting)",760-561-6500
Walker, Nathaniel B.,Adelanto,California,9,Adelanto Detention Facility,"Roberts, Valerie (Acting)",760-561-6500
White, Curtis G.,Adelanto,California,9,Adelanto Detention Facility,"Roberts, Valerie (Acting)",760-561-6500
Muñoz, Jeffrey V.,Imperial,California,9,2409 La Brucherie Rd,"Gray, Gracie",760-370-5200
Pressman, Christian,Imperial,California,9,2409 La Brucherie Rd,"Gray, Gracie",760-370-5200
M. Robinson, Eugene H.,Imperial,California,9,2409 La Brucherie Rd,"Gray, Gracie",760-370-5200
Aina, Nathan N.,Los Angeles,California,9,300 N Los Angeles St,"Patron, Jeanette",213-576-4701
Hsu, Lily C.,Los Angeles,California,9,300 N Los Angeles St,"Patron, Jeanette",213-576-4701
Left, James M.,Los Angeles,California,9,300 N Los Angeles St,"Patron, Jeanette",213-576-4701
Piepmeier, Kristin,Los Angeles,California,9,300 N Los Angeles St,"Patron, Jeanette",213-576-4701
Travieso, Frank,Los Angeles,California,9,300 N Los Angeles St,"Patron, Jeanette",213-576-4701
Allen, Janette L.,Los Angeles,California,9,606 S Olive St,"Palacio-Garcia, Sabrina",213-894-2811
Bakke Varzandeh, Joyce,Los Angeles,California,9,606 S Olive St,"Palacio-Garcia, Sabrina",213-894-2811
Bank, Ira,Los Angeles,California,9,606 S Olive St,"Palacio-Garcia, Sabrina",213-894-2811
Behne, Audra,Los Angeles,California,9,606 S Olive St,"Palacio-Garcia, Sabrina",213-894-2811
Chon, Hye Y.,Los Angeles,California,9,606 S Olive St,"Palacio-Garcia, Sabrina",213-894-2811
Costa, Philip,Los Angeles,California,9,606 S Olive St,"Palacio-Garcia, Sabrina",213-894-2811
Desai, Jankhana,Los Angeles,California,9,606 S Olive St,"Palacio-Garcia, Sabrina",213-894-2811
Everett, Timothy,Los Angeles,California,9,606 S Olive St,"Palacio-Garcia, Sabrina",213-894-2811
Francis, Leon J.,Los Angeles,California,9,606 S Olive St,"Palacio-Garcia, Sabrina",213-894-2811
Hong, Andrea H.,Los Angeles,California,9,606 S Olive St,"Palacio-Garcia, Sabrina",213-894-2811
Huddleston, Natalie B.,Los Angeles,California,9,606 S Olive St,"Palacio-Garcia, Sabrina",213-894-2811
Jasso, Jaime,Los Angeles,California,9,606 S Olive St,"Palacio-Garcia, Sabrina",213-894-2811
Juelle, Carlos R.,Los Angeles,California,9,606 S Olive St,"Palacio-Garcia, Sabrina",213-894-2811
Latimore, Jan D.,Los Angeles,California,9,606 S Olive St,"Palacio-Garcia, Sabrina",213-894-2811
Lee, Edward F.,Los Angeles,California,9,606 S Olive St,"Palacio-Garcia, Sabrina",213-894-2811
Lee, Wilbur,Los Angeles,California,9,606 S Olive St,"Palacio-Garcia, Sabrina",213-894-2811
Malvin, Daniel H.,Los Angeles,California,9,606 S Olive St,"Palacio-Garcia, Sabrina",213-894-2811
Miller, Nancy E.,Los Angeles,California,9,606 S Olive St,"Palacio-Garcia, Sabrina",213-894-2811
Park, Jeannette Lim,Los Angeles,California,9,606 S Olive St,"Palacio-Garcia, Sabrina",213-894-2811
Patti, Sebastian T.,Los Angeles,California,9,606 S Olive St,"Palacio-Garcia, Sabrina",213-894-2811
Ruane, Rachel Ann,Los Angeles,California,9,606 S Olive St,"Palacio-Garcia, Sabrina",213-894-2811
Simons, Anita L.,Los Angeles,California,9,606 S Olive St,"Palacio-Garcia, Sabrina",213-894-2811
Stancill, Christine E.,Los Angeles,California,9,606 S Olive St,"Palacio-Garcia, Sabrina",213-894-2811
Vahid-Tehrani, Gita,Los Angeles,California,9,606 S Olive St,"Palacio-Garcia, Sabrina",213-894-2811
Villegas, Veronica S.,Los Angeles,California,9,606 S Olive St,"Palacio-Garcia, Sabrina",213-894-2811
Virchis, Bridget,Los Angeles,California,9,606 S Olive St,"Palacio-Garcia, Sabrina",213-894-2811
Waterloo, Jason R.,Los Angeles,California,9,606 S Olive St,"Palacio-Garcia, Sabrina",213-894-2811
Burke, Brian H.,Van Nuys,California,9,6230 Van Nuys Blvd 3rd Floor,"Torres, Hilma",818-904-5200
Burke, David,Van Nuys,California,9,6230 Van Nuys Blvd 3rd Floor,"Torres, Hilma",818-904-5200
Dorfman, Arlene,Van Nuys,California,9,6230 Van Nuys Blvd 3rd Floor,"Torres, Hilma",818-904-5200
Maury, Carlos,Van Nuys,California,9,6230 Van Nuys Blvd 3rd Floor,"Torres, Hilma",818-904-5200
Naselow-Nahas, Tara,Van Nuys,California,9,6230 Van Nuys Blvd 3rd Floor,"Torres, Hilma",818-904-5200
Santos-Garcia, Sandra,Van Nuys,California,9,6230 Van Nuys Blvd 3rd Floor,"Torres, Hilma",818-904-5200
Anderson, Amelia C.,San Diego,California,9,7488 Calzada de la Fuente,"Preciado, Sergio",619-661-5600
Begovich, Samantha L.,San Diego,California,9,7488 Calzada de la Fuente,"Preciado, Sergio",619-661-5600
Burch, Valerie A.,San Diego,California,9,7488 Calzada de la Fuente,"Preciado, Sergio",619-661-5600
Halliday-Roberts, Catherine E.,San Diego,California,9,7488 Calzada de la Fuente,"Preciado, Sergio",619-661-5600
Partida, Ana L.,San Diego,California,9,7488 Calzada de la Fuente,"Preciado, Sergio",619-661-5600
Geisse, Loreto,Sacramento,California,9,John Moss Federal Building,"Rodriguez, Nichole",916-447-9301
Maggard, Print,Sacramento,California,9,John Moss Federal Building,"Rodriguez, Nichole",916-447-9301
Neumeister, William,Sacramento,California,9,John Moss Federal Building,"Rodriguez, Nichole",916-447-9301
Phan, Christopher V.,Sacramento,California,9,John Moss Federal Building,"Rodriguez, Nichole",916-447-9301
Terrazas, Gilda M.,Sacramento,California,9,John Moss Federal Building,"Rodriguez, Nichole",916-447-9301
Attia, Olga,San Diego,California,9,880 Front St,"Viray, Glenda",619-510-4500
DeVitto, James,San Diego,California,9,880 Front St,"Viray, Glenda",619-510-4500
Grande, Guy G.,San Diego,California,9,880 Front St,"Viray, Glenda",619-510-4500
Law, Philip S.,San Diego,California,9,880 Front St,"Viray, Glenda",619-510-4500
O'Connor, Lee,San Diego,California,9,880 Front St,"Viray, Glenda",619-510-4500
Romig, Jeffrey L.,San Diego,California,9,880 Front St,"Viray, Glenda",619-510-4500
Simpson, Scott,San Diego,California,9,880 Front St,"Viray, Glenda",619-510-4500
Butler, Jeremy J.,San Francisco,California,9,100 Montgomery St,"Jauregui, Maria",415-705-4415
Caborn, Andrew J.,San Francisco,California,9,100 Montgomery St,"Jauregui, Maria",415-705-4415
Deiss, Ila C.,San Francisco,California,9,100 Montgomery St,"Jauregui, Maria",415-705-4415
Figueroa, Laura C.,San Francisco,California,9,100 Montgomery St,"Jauregui, Maria",415-705-4415
Gambill, Scott D.,San Francisco,California,9,100 Montgomery St,"Jauregui, Maria",415-705-4415
George, Amber D.,San Francisco,California,9,100 Montgomery St,"Jauregui, Maria",415-705-4415
Greene, Charles S.,San Francisco,California,9,100 Montgomery St,"Jauregui, Maria",415-705-4415
Jackson, Jacqueline J.,San Francisco,California,9,100 Montgomery St,"Jauregui, Maria",415-705-4415
Johnson, Jeremiah,San Francisco,California,9,100 Montgomery St,"Jauregui, Maria",415-705-4415
Kim, Samuel Y.,San Francisco,California,9,100 Montgomery St,"Jauregui, Maria",415-705-4415
Lake, Kelly B.,San Francisco,California,9,100 Montgomery St,"Jauregui, Maria",415-705-4415
Little, Anna C.,San Francisco,California,9,100 Montgomery St,"Jauregui, Maria",415-705-4415
Marks, Dana Leigh,San Francisco,California,9,100 Montgomery St,"Jauregui, Maria",415-705-4415
Masterson, Jason R.,San Francisco,California,9,100 Montgomery St,"Jauregui, Maria",415-705-4415
Nelson, Julie L.,San Francisco,California,9,100 Montgomery St,"Jauregui, Maria",415-705-4415
O’Brien, Patrick S.,San Francisco,California,9,100 Montgomery St,"Jauregui, Maria",415-705-4415
Park, Joseph Y.,San Francisco,California,9,100 Montgomery St,"Jauregui, Maria",415-705-4415
Phan, Susan,San Francisco,California,9,100 Montgomery St,"Jauregui, Maria",415-705-4415
Picton, Cory M.,San Francisco,California,9,100 Montgomery St,"Jauregui, Maria",415-705-4415
Price, Justin M.,San Francisco,California,9,100 Montgomery St,"Jauregui, Maria",415-705-4415
Savage, Patrick S.,San Francisco,California,9,100 Montgomery St,"Jauregui, Maria",415-705-4415
Simmons, Gregory L.,San Francisco,California,9,100 Montgomery St,"Jauregui, Maria",415-705-4415
Star, Shadee M.,San Francisco,California,9,100 Montgomery St,"Jauregui, Maria",415-705-4415
Swink, Arwen A.,San Francisco,California,9,100 Montgomery St,"Jauregui, Maria",415-705-4415
Young, Elizabeth L.,San Francisco,California,9,100 Montgomery St,"Jauregui, Maria",415-705-4415
Caley, Steven,Aurora,Colorado,10,3130 N Oakland St,"Overton, Fayne",303-361-0488
Carbone, Nina M.,Aurora,Colorado,10,3130 N Oakland St,"Overton, Fayne",303-361-0488
McGrail, Elizabeth,Aurora,Colorado,10,3130 N Oakland St,"Overton, Fayne",303-361-0488
Burgie, Brea C.,Denver,Colorado,10,1961 Stout St,"Burke, Jason E.",303-844-5815
Calcador, Kerri A.,Denver,Colorado,10,1961 Stout St,"Burke, Jason E.",303-844-5815
Corrin, Melanie K.,Denver,Colorado,10,1961 Stout St,"Burke, Jason E.",303-844-5815
Gardzelewski, Ivan E.,Denver,Colorado,10,1961 Stout St,"Burke, Jason E.",303-844-5815
Kane, Alison R.,Denver,Colorado,10,1961 Stout St,"Burke, Jason E.",303-844-5815
Kaufman, Matthew W.,Denver,Colorado,10,1961 Stout St,"Burke, Jason E.",303-844-5815
O’Hare, Donald C.,Denver,Colorado,10,1961 Stout St,"Burke, Jason E.",303-844-5815
Trujillo, Eileen R.,Denver,Colorado,10,1961 Stout St,"Burke, Jason E.",303-844-5815
Morris, Daniel A.,Hartford,Connecticut,2,AA Ribicoff Federal Building & Courthouse,"Roder, James (Acting)",860-240-3881
Straus, Michael W.,Hartford,Connecticut,2,AA Ribicoff Federal Building & Courthouse,"Roder, James (Acting)",860-240-3881
Verrillo, Philip,Hartford,Connecticut,2,AA Ribicoff Federal Building & Courthouse,"Roder, James (Acting)",860-240-3881
Alexander, Scott G.,Miami,Florida,11,One Riverview Square,"Rodriguez, Jorge",305-789-4221
Araneta, Michelle C.,Miami,Florida,11,One Riverview Square,"Rodriguez, Jorge",305-789-4221
Ayze, Thomas M.,Miami,Florida,11,One Riverview Square,"Rodriguez, Jorge",305-789-4221
Balasquide, Javier,Miami,Florida,11,One Riverview Square,"Rodriguez, Jorge",305-789-4221
Brown, Charlotte D.,Miami,Florida,11,One Riverview Square,"Rodriguez, Jorge",305-789-4221
Burgess, Abraham L.,Miami,Florida,11,One Riverview Square,"Rodriguez, Jorge",305-789-4221
Cole, Timothy M.,Miami,Florida,11,One Riverview Square,"Rodriguez, Jorge",305-789-4221
Dowell, J. Daniel,Miami,Florida,11,One Riverview Square,"Rodriguez, Jorge",305-789-4221
Garcia, Madeline,Miami,Florida,11,One Riverview Square,"Rodriguez, Jorge",305-789-4221
Herman, Lakshmi Srinivasan,Miami,Florida,11,One Riverview Square,"Rodriguez, Jorge",305-789-4221
Holyoak, Dalin R.,Miami,Florida,11,One Riverview Square,"Rodriguez, Jorge",305-789-4221
Horn, Michael C.,Miami,Florida,11,One Riverview Square,"Rodriguez, Jorge",305-789-4221
Lane, Denise A. Marks,Miami,Florida,11,One Riverview Square,"Rodriguez, Jorge",305-789-4221
Maingot, Anthony,Miami,Florida,11,One Riverview Square,"Rodriguez, Jorge",305-789-4221
Mander, Stephen E.,Miami,Florida,11,One Riverview Square,"Rodriguez, Jorge",305-789-4221
Martinez-Esquivel, Lourdes,Miami,Florida,11,One Riverview Square,"Rodriguez, Jorge",305-789-4221
Mateo, Rene,Miami,Florida,11,One Riverview Square,"Rodriguez, Jorge",305-789-4221
Midgley, Ian D.,Miami,Florida,11,One Riverview Square,"Rodriguez, Jorge",305-789-4221
Nettles, Marsha K.,Miami,Florida,11,One Riverview Square,"Rodriguez, Jorge",305-789-4221
Recio, Irene M.,Miami,Florida,11,One Riverview Square,"Rodriguez, Jorge",305-789-4221
Rivera-Ortiz, Jose A.,Miami,Florida,11,One Riverview Square,"Rodriguez, Jorge",305-789-4221
Rodriquez de Jongh, Lourdes,Miami,Florida,11,One Riverview Square,"Rodriguez, Jorge",305-789-4221
Sogocio, Rico M.,Miami,Florida,11,One Riverview Square,"Rodriguez, Jorge",305-789-4221
Torreh-Bayouth, Lilliana,Miami,Florida,11,One Riverview Square,"Rodriguez, Jorge",305-789-4221
Videla, Gabriel C.,Miami,Florida,11,One Riverview Square,"Rodriguez, Jorge",305-789-4221
Walleisa, Michael G.,Miami,Florida,11,One Riverview Square,"Rodriguez, Jorge",305-789-4221
Chait, Barry S.,Miami,Florida,11,Krome N Processing Center,"Rodriguez, Jorge (Acting)",786-422-8700
Lopez-Enriquez, Maria,Miami,Florida,11,Krome N Processing Center,"Rodriguez, Jorge (Acting)",786-422-8700
Martyak, Christina,Miami,Florida,11,Krome N Processing Center,"Rodriguez, Jorge (Acting)",786-422-8700
Pereira, Jorge L.,Miami,Florida,11,Krome N Processing Center,"Rodriguez, Jorge (Acting)",786-422-8700
Siegel, Stuart,Miami,Florida,11,Krome N Processing Center,"Rodriguez, Jorge (Acting)",786-422-8700
Alberdi, Yon K.,Orlando,Florida,11,3535 Lawton Rd,"Parsons, Christina",407-722-8900
Ghartey, Victoria L.,Orlando,Florida,11,3535 Lawton Rd,"Parsons, Christina",407-722-8900
Grim, James K.,Orlando,Florida,11,3535 Lawton Rd,"Parsons, Christina",407-722-8900
Harris, Monique,Orlando,Florida,11,3535 Lawton Rd,"Parsons, Christina",407-722-8900
Karden, Stuart F.,Orlando,Florida,11,3535 Lawton Rd,"Parsons, Christina",407-722-8900
Lang, Elizabeth G.,Orlando,Florida,11,3535 Lawton Rd,"Parsons, Christina",407-722-8900
Page-Lozano, Jennifer L.,Orlando,Florida,11,3535 Lawton Rd,"Parsons, Christina",407-722-8900
Criss, Scott D.,Atlanta,Georgia,11,180 Ted Turner Dr,"Long, Cynthia (Acting)",404-331-0907
Crofts, James J.,Atlanta,Georgia,11,180 Ted Turner Dr,"Long, Cynthia (Acting)",404-331-0907
Duncan, Randall W.,Atlanta,Georgia,11,180 Ted Turner Dr,"Long, Cynthia (Acting)",404-331-0907
Gallow, Sheila E.,Atlanta,Georgia,11,180 Ted Turner Dr,"Long, Cynthia (Acting)",404-331-0907
Barr, Phillip A.,Atlanta,Georgia,11,Peachtree Summit Federal Building,"Long, Cynthia",404-554-9400
Doughty, Blake L.,Atlanta,Georgia,11,Peachtree Summit Federal Building,"Long, Cynthia",404-554-9400
Fisher, Ryan A.,Atlanta,Georgia,11,Peachtree Summit Federal Building,"Long, Cynthia",404-554-9400
Gillies, John M.,Atlanta,Georgia,11,Peachtree Summit Federal Building,"Long, Cynthia",404-554-9400
Maldonado, Njeri B.,Atlanta,Georgia,11,Peachtree Summit Federal Building,"Long, Cynthia",404-554-9400
Redwood, Daniel J.,Atlanta,Georgia,11,Peachtree Summit Federal Building,"Long, Cynthia",404-554-9400
Schnitzer, Michael A.,Atlanta,Georgia,11,Peachtree Summit Federal Building,"Long, Cynthia",404-554-9400
Taylor, Phillip P.,Atlanta,Georgia,11,Peachtree Summit Federal Building,"Long, Cynthia",404-554-9400
Watson, Bryan D.,Atlanta,Georgia,11,Peachtree Summit Federal Building,"Long, Cynthia",404-554-9400
Brown, Bianca H.,Lumpkin,Georgia,11,146 CCA Rd,"Blaikner, Angelia",229-838-1320
Nance, Jeffrey R.,Lumpkin,Georgia,11,146 CCA Rd,"Blaikner, Angelia",229-838-1320
Rothschild Jr., Jerome M.,Lumpkin,Georgia,11,146 CCA Rd,"Blaikner, Angelia",229-838-1320
Trimble, Dan,Lumpkin,Georgia,11,146 CCA Rd,"Blaikner, Angelia",229-838-1320
Clemente, Jesus,Honolulu,Hawaii,9,PJKK Federal Building,"Viray, Glenda (Acting)",808-541-1870
Wagner, Clarence,Honolulu,Hawaii,9,PJKK Federal Building,"Viray, Glenda (Acting)",808-541-1870
Cole, Samuel B.,Chicago,Illinois,7,525 W Van Buren St,"Atkinson, Henry (Acting)",312-697-5800
Crites, Elizabeth,Chicago,Illinois,7,525 W Van Buren St,"Atkinson, Henry (Acting)",312-697-5800
Curran, Brendan,Chicago,Illinois,7,525 W Van Buren St,"Atkinson, Henry (Acting)",312-697-5800
Defoe, Craig A.,Chicago,Illinois,7,525 W Van Buren St,"Atkinson, Henry (Acting)",312-697-5800
Klein, Eliza,Chicago,Illinois,7,525 W Van Buren St,"Atkinson, Henry (Acting)",312-697-5800
Klosowsky, Michael P.,Chicago,Illinois,7,525 W Van Buren St,"Atkinson, Henry (Acting)",312-697-5800
Luskin, Joshua D.,Chicago,Illinois,7,525 W Van Buren St,"Atkinson, Henry (Acting)",312-697-5800
McKenna, Patrick M.,Chicago,Illinois,7,525 W Van Buren St,"Atkinson, Henry (Acting)",312-697-5800
Naseem, Samia,Chicago,Illinois,7,525 W Van Buren St,"Atkinson, Henry (Acting)",312-697-5800
Peyton, Jennifer I.,Chicago,Illinois,7,525 W Van Buren St,"Atkinson, Henry (Acting)",312-697-5800
Rosche, Robin,Chicago,Illinois,7,525 W Van Buren St,"Atkinson, Henry (Acting)",312-697-5800
Salovaara, Kaarina,Chicago,Illinois,7,525 W Van Buren St,"Atkinson, Henry (Acting)",312-697-5800
Saltzman, Eva S.,Chicago,Illinois,7,525 W Van Buren St,"Atkinson, Henry (Acting)",312-697-5800
Johnson, Kelly S.,Louisville,Kentucky,6,332 W Broadway,"Davis, J. Thomas (Acting)",502-340-2000
Kinnicutt, Daniel P.,Louisville,Kentucky,6,332 W Broadway,"Davis, J. Thomas (Acting)",502-340-2000
Mart, H. Kevin,Louisville,Kentucky,6,332 W Broadway,"Davis, J. Thomas (Acting)",502-340-2000
Ward, Robert Q.,Louisville,Kentucky,6,332 W Broadway,"Davis, J. Thomas (Acting)",502-340-2000
Fuller, Steven B., LA,Louisiana,5,830 Pine Hill Rd,"Miller, Charles (Acting)",(318) 335-6880
Landis, Brent H., LA,Louisiana,5,830 Pine Hill Rd,"Miller, Charles (Acting)",(318) 335-6880
Munson, Angela, LA,Louisiana,5,830 Pine Hill Rd,"Miller, Charles (Acting)",(318) 335-6880
Thorgersen, Cassie A., LA,Louisiana,5,830 Pine Hill Rd,"Miller, Charles (Acting)",(318) 335-6880
La Rocca, Joseph B.,New Orleans,Louisiana,5,One Canal Pl,"Miller, Charles",504-589-3992
Marquez, Charlotte S.,New Orleans,Louisiana,5,One Canal Pl,"Miller, Charles",504-589-3992
Marsteller, Eric W.,New Orleans,Louisiana,5,One Canal Pl,"Miller, Charles",504-589-3992
Ashworth, Sherron,Oakdale,Louisiana,5,1900 E Whatley Rd,"Davis, J. Thomas (Acting)",318-335-0365
Duck Jr., John A.,Oakdale,Louisiana,5,1900 E Whatley Rd,"Davis, J. Thomas (Acting)",318-335-0365
Laragy, W. Scott,Oakdale,Louisiana,5,1900 E Whatley Rd,"Davis, J. Thomas (Acting)",318-335-0365
Crosland, David W.,Baltimore,Maryland,4,George Fallon Federal Building,"Cook, Brenda",410-962-3092
Kessler, Elizabeth A.,Baltimore,Maryland,4,George Fallon Federal Building,"Cook, Brenda",410-962-3092
Koelsch, David C.,Baltimore,Maryland,4,George Fallon Federal Building,"Cook, Brenda",410-962-3092
Mahasa, Zakia,Baltimore,Maryland,4,George Fallon Federal Building,"Cook, Brenda",410-962-3092
Vargas-Padilla, Nelson A.,Baltimore,Maryland,4,George Fallon Federal Building,"Cook, Brenda",410-962-3092
Verma, Dinesh C.,Baltimore,Maryland,4,George Fallon Federal Building,"Cook, Brenda",410-962-3092
Weil, Jack,Baltimore,Maryland,4,George Fallon Federal Building,"Cook, Brenda",410-962-3092
Williams, Phillip T.,Baltimore,Maryland,4,George Fallon Federal Building,"Cook, Brenda",410-962-3092
Feder, Robin,Boston,Massachusetts,1,JFK Federal Building,"Roder, Bill (Acting)",617-565-3080
Furlong Jr., John M.,Boston,Massachusetts,1,JFK Federal Building,"Roder, Bill (Acting)",617-565-3080
Gagnon, Paul M.,Boston,Massachusetts,1,JFK Federal Building,"Roder, Bill (Acting)",617-565-3080
Masters, Todd A.,Boston,Massachusetts,1,JFK Federal Building,"Roder, Bill (Acting)",617-565-3080
O'Malley, Brenda,Boston,Massachusetts,1,JFK Federal Building,"Roder, Bill (Acting)",617-565-3080
O'Sullivan, Maureen,Boston,Massachusetts,1,JFK Federal Building,"Roder, Bill (Acting)",617-565-3080
Rusher, Marna M.,Boston,Massachusetts,1,JFK Federal Building,"Roder, Bill (Acting)",617-565-3080
Sturla, Mario J.,Boston,Massachusetts,1,JFK Federal Building,"Roder, Bill (Acting)",617-565-3080
Tregerman, Gwendylan,Boston,Massachusetts,1,JFK Federal Building,"Roder, Bill (Acting)",617-565-3080
Gorland, Jennifer M.,Detroit,Michigan,6,P.V. McNamara Federal Building,"Shelley, Shandra",313-226-2603
Jebson, Mark J.,Detroit,Michigan,6,P.V. McNamara Federal Building,"Shelley, Shandra",313-226-2603
Paruch, David H.,Detroit,Michigan,6,P.V. McNamara Federal Building,"Shelley, Shandra",313-226-2603
Simons, Ian R.,Detroit,Michigan,6,P.V. McNamara Federal Building,"Shelley, Shandra",313-226-2603
Carr, M. Audrey,Fort Snelling,Minnesota,8,Bishop Henry Whipple Federal Bldg.,"English, Yolanda (Acting)",612-725-3765
Dierkes, Joseph,Fort Snelling,Minnesota,8,Bishop Henry Whipple Federal Bldg.,"English, Yolanda (Acting)",612-725-3765
Hansen, Katherine L.,Fort Snelling,Minnesota,8,Bishop Henry Whipple Federal Bldg.,"English, Yolanda (Acting)",612-725-3765
Mazzie, Sarah,Fort Snelling,Minnesota,8,Bishop Henry Whipple Federal Bldg.,"English, Yolanda (Acting)",612-725-3765
Miller, Monte G.,Fort Snelling,Minnesota,8,Bishop Henry Whipple Federal Bldg.,"English, Yolanda (Acting)",612-725-3765
Sardelli, Brian,Fort Snelling,Minnesota,8,Bishop Henry Whipple Federal Bldg.,"English, Yolanda (Acting)",612-725-3765
Howard, Justin W.,Kansas City,Missouri,8,2345 Grand Blvd,"Jones, Betty A.",816-581-5000
Johnson, Colin P.,Kansas City,Missouri,8,2345 Grand Blvd,"Jones, Betty A.",816-581-5000
Salinardi, Jayme,Kansas City,Missouri,8,2345 Grand Blvd,"Jones, Betty A.",816-581-5000
Larsen, Alexandra,Omaha,Nebraska,8,1717 Ave H,"Atkinson, Henry D.",402-348-0310
Meyer, Abby L.,Omaha,Nebraska,8,1717 Ave H,"Atkinson, Henry D.",402-348-0310
Morrissey, Matthew E.,Omaha,Nebraska,8,1717 Ave H,"Atkinson, Henry D.",402-348-0310
Baker, Glen R.,Las Vegas,Nevada,9,110 N City Pkwy,"Arter, Rachel",702-458-0227
McDermott, Ann M.,Las Vegas,Nevada,9,110 N City Pkwy,"Arter, Rachel",702-458-0227
Nguyen, An,Las Vegas,Nevada,9,110 N City Pkwy,"Arter, Rachel",702-458-0227
Roberts, Lindsy M.,Las Vegas,Nevada,9,110 N City Pkwy,"Arter, Rachel",702-458-0227
Pope, Jason L.,Elizabeth,New Jersey,3,625 Evans St,"Friedman, Paul",908-787-1355
Shirole, Pallavi S.,Elizabeth,New Jersey,3,625 Evans St,"Friedman, Paul",908-787-1355
Tadal, Mirlande,Elizabeth,New Jersey,3,625 Evans St,"Friedman, Paul",908-787-1355
Chen, Shana W.,Newark,New Jersey,3,970 Broad St,"English, Yolanda",973-645-3524
Cheng, David,Newark,New Jersey,3,970 Broad St,"English, Yolanda",973-645-3524
Finston, Leo A.,Newark,New Jersey,3,970 Broad St,"English, Yolanda",973-645-3524
Hinds Roach, Denise A.,Newark,New Jersey,3,970 Broad St,"English, Yolanda",973-645-3524
Jeannopoulos, Amanda R.,Newark,New Jersey,3,970 Broad St,"English, Yolanda",973-645-3524
Mullican, Leila A.,Newark,New Jersey,3,970 Broad St,"English, Yolanda",973-645-3524
Page, Alan,Newark,New Jersey,3,970 Broad St,"English, Yolanda",973-645-3524
Pierro, Laura,Newark,New Jersey,3,970 Broad St,"English, Yolanda",973-645-3524
Ranasinghe, Arya S.,Newark,New Jersey,3,970 Broad St,"English, Yolanda",973-645-3524
Rastegar, Ramin,Newark,New Jersey,3,970 Broad St,"English, Yolanda",973-645-3524
Riefkohl, Alberto J.,Newark,New Jersey,3,970 Broad St,"English, Yolanda",973-645-3524
Rubin, Shifra,Newark,New Jersey,3,970 Broad St,"English, Yolanda",973-645-3524
Wilson, Tamar H.,Newark,New Jersey,3,970 Broad St,"English, Yolanda",973-645-3524
Fernandez, Lorely Ramirez,Chaparral,New Mexico,10,26 McGregor Range Rd,"Buckmire, Rodney D. (Acting)",575-824-8900
French, Kathy,Chaparral,New Mexico,10,26 McGregor Range Rd,"Buckmire, Rodney D. (Acting)",575-824-8900
Girvin Jr., Ralph E.,Chaparral,New Mexico,10,26 McGregor Range Rd,"Buckmire, Rodney D. (Acting)",575-824-8900
Palomino, Jacinto,Chaparral,New Mexico,10,26 McGregor Range Rd,"Buckmire, Rodney D. (Acting)",575-824-8900
Taylor, Brock E.,Chaparral,New Mexico,10,26 McGregor Range Rd,"Buckmire, Rodney D. (Acting)",575-824-8900
Aikman, Susan F.,Batavia,New York,2,4250 Federal Dr,"Kerr, Stephanie L. (Acting)",585-345-4300
Driscoll, Robert P.,Batavia,New York,2,4250 Federal Dr,"Kerr, Stephanie L. (Acting)",585-345-4300
Baumgarten, Mary C.,Buffalo,New York,2,130 Delaware Ave,"Kerr, Stephanie L.",716-551-3442
Connelly, Steven,Buffalo,New York,2,130 Delaware Ave,"Kerr, Stephanie L.",716-551-3442
Hochul, Denise,Buffalo,New York,2,130 Delaware Ave,"Kerr, Stephanie L.",716-551-3442
Ruehle, Walter H.,Buffalo,New York,2,130 Delaware Ave,"Kerr, Stephanie L.",716-551-3442
Auh, Kyung S.,Fishkill,New York,2,Downstate Correctional Facility,"Friedman, Paul (Acting)",845-838-5700
Alexander, Erin L.,New York,New York,2,Ted Weiss Federal Building,"Hanley, Victoria",212-240-4900
Bartleson, J. Thomas,New York,New York,2,Ted Weiss Federal Building,"Hanley, Victoria",212-240-4900
Burns, John P.,New York,New York,2,Ted Weiss Federal Building,"Hanley, Victoria",212-240-4900
Calvelli, Andrew M.,New York,New York,2,Ted Weiss Federal Building,"Hanley, Victoria",212-240-4900
Christensen, Jesse.,New York,New York,2,Ted Weiss Federal Building,"Hanley, Victoria",212-240-4900
Chung, Jennifer,New York,New York,2,Ted Weiss Federal Building,"Hanley, Victoria",212-240-4900
Dodd, Diane L.,New York,New York,2,Ted Weiss Federal Building,"Hanley, Victoria",212-240-4900
Gundlach, Robert J.,New York,New York,2,Ted Weiss Federal Building,"Hanley, Victoria",212-240-4900
Grogan, Edward P.,New York,New York,2,Ted Weiss Federal Building,"Hanley, Victoria",212-240-4900
Koppenhofer, Andrea,New York,New York,2,Ted Weiss Federal Building,"Hanley, Victoria",212-240-4900
Kulick, Dawn M.,New York,New York,2,Ted Weiss Federal Building,"Hanley, Victoria",212-240-4900
Krasinski, Carolyn L.,New York,New York,2,Ted Weiss Federal Building,"Hanley, Victoria",212-240-4900
Laforest, Brigitte,New York,New York,2,Ted Weiss Federal Building,"Hanley, Victoria",212-240-4900
Lazare-Raphael, Shirley,New York,New York,2,Ted Weiss Federal Building,"Hanley, Victoria",212-240-4900
Lebreton, Tanawa,New York,New York,2,Ted Weiss Federal Building,"Hanley, Victoria",212-240-4900
Lloyd, Michael W.,New York,New York,2,Ted Weiss Federal Building,"Hanley, Victoria",212-240-4900
McCarthy, James M.,New York,New York,2,Ted Weiss Federal Building,"Hanley, Victoria",212-240-4900
McKee, James R.,New York,New York,2,Ted Weiss Federal Building,"Hanley, Victoria",212-240-4900
Navarro, Maria,New York,New York,2,Ted Weiss Federal Building,"Hanley, Victoria",212-240-4900
Perl, Adam,New York,New York,2,Ted Weiss Federal Building,"Hanley, Victoria",212-240-4900
Poczter, Aviva,New York,New York,2,Ted Weiss Federal Building,"Hanley, Victoria",212-240-4900
Brennan, Noel A.,New York,New York,2,26 Federal Plaza,"Friedman, Paul (Acting)  Hanley, Victoria (Acting)",917-454-1040
Campanella, Lorianne M.,New York,New York,2,26 Federal Plaza,"Friedman, Paul (Acting)  Hanley, Victoria (Acting)",917-454-1040
Cassin, Olivia L.,New York,New York,2,26 Federal Plaza,"Friedman, Paul (Acting)  Hanley, Victoria (Acting)",917-454-1040
Chugh, Amit,New York,New York,2,26 Federal Plaza,"Friedman, Paul (Acting)  Hanley, Victoria (Acting)",917-454-1040
Cohen, Raisa,New York,New York,2,26 Federal Plaza,"Friedman, Paul (Acting)  Hanley, Victoria (Acting)",917-454-1040
Douchy, Evalyn P.,New York,New York,2,26 Federal Plaza,"Friedman, Paul (Acting)  Hanley, Victoria (Acting)",917-454-1040
Ehrens, L. Batya Schwartz,New York,New York,2,26 Federal Plaza,"Friedman, Paul (Acting)  Hanley, Victoria (Acting)",917-454-1040
Factor, Samuel M.,New York,New York,2,26 Federal Plaza,"Friedman, Paul (Acting)  Hanley, Victoria (Acting)",917-454-1040
Fraiden, David A.,New York,New York,2,26 Federal Plaza,"Friedman, Paul (Acting)  Hanley, Victoria (Acting)",917-454-1040
Golovnin, Lena,New York,New York,2,26 Federal Plaza,"Friedman, Paul (Acting)  Hanley, Victoria (Acting)",917-454-1040
Gordon, Cynthia,New York,New York,2,26 Federal Plaza,"Friedman, Paul (Acting)  Hanley, Victoria (Acting)",917-454-1040
Gordon-Uruakpa, Vivienne E.,New York,New York,2,26 Federal Plaza,"Friedman, Paul (Acting)  Hanley, Victoria (Acting)",917-454-1040
Harbeck, Dorothy,New York,New York,2,26 Federal Plaza,"Friedman, Paul (Acting)  Hanley, Victoria (Acting)",917-454-1040
Hom, Howard C.,New York,New York,2,26 Federal Plaza,"Friedman, Paul (Acting)  Hanley, Victoria (Acting)",917-454-1040
Johnson-Papillo, Carrie,New York,New York,2,26 Federal Plaza,"Friedman, Paul (Acting)  Hanley, Victoria (Acting)",917-454-1040
Khan, Amiena A.,New York,New York,2,26 Federal Plaza,"Friedman, Paul (Acting)  Hanley, Victoria (Acting)",917-454-1040
Klahr, Deborah E.,New York,New York,2,26 Federal Plaza,"Friedman, Paul (Acting)  Hanley, Victoria (Acting)",917-454-1040
Kouris, Theodora N.,New York,New York,2,26 Federal Plaza,"Friedman, Paul (Acting)  Hanley, Victoria (Acting)",917-454-1040
Leeds, Frederic G.,New York,New York,2,26 Federal Plaza,"Friedman, Paul (Acting)  Hanley, Victoria (Acting)",917-454-1040
Loprest Jr., F. James,New York,New York,2,26 Federal Plaza,"Friedman, Paul (Acting)  Hanley, Victoria (Acting)",917-454-1040
Lurye, Maria,New York,New York,2,26 Federal Plaza,"Friedman, Paul (Acting)  Hanley, Victoria (Acting)",917-454-1040
McDermott, William H.,New York,New York,2,26 Federal Plaza,"Friedman, Paul (Acting)  Hanley, Victoria (Acting)",917-454-1040
McFarland, Michael G.,New York,New York,2,26 Federal Plaza,"Friedman, Paul (Acting)  Hanley, Victoria (Acting)",917-454-1040
Nelson, Barbara A.,New York,New York,2,26 Federal Plaza,"Friedman, Paul (Acting)  Hanley, Victoria (Acting)",917-454-1040
Palmer, Brian T.,New York,New York,2,26 Federal Plaza,"Friedman, Paul (Acting)  Hanley, Victoria (Acting)",917-454-1040
Sagesse, Cathy,New York,New York,2,26 Federal Plaza,"Friedman, Paul (Acting)  Hanley, Victoria (Acting)",917-454-1040
Schoppert, Douglas B.,New York,New York,2,26 Federal Plaza,"Friedman, Paul (Acting)  Hanley, Victoria (Acting)",917-454-1040
Segal, Alice,New York,New York,2,26 Federal Plaza,"Friedman, Paul (Acting)  Hanley, Victoria (Acting)",917-454-1040
Siemietkowski, John J.,New York,New York,2,26 Federal Plaza,"Friedman, Paul (Acting)  Hanley, Victoria (Acting)",917-454-1040
Singh, Rantideva,New York,New York,2,26 Federal Plaza,"Friedman, Paul (Acting)  Hanley, Victoria (Acting)",917-454-1040
Spencer, Oshea Denise,New York,New York,2,26 Federal Plaza,"Friedman, Paul (Acting)  Hanley, Victoria (Acting)",917-454-1040
Sponzo, Jem C.,New York,New York,2,26 Federal Plaza,"Friedman, Paul (Acting)  Hanley, Victoria (Acting)",917-454-1040
Thomsen, Scott E.,New York,New York,2,26 Federal Plaza,"Friedman, Paul (Acting)  Hanley, Victoria (Acting)",917-454-1040
Thompson, Donald,New York,New York,2,26 Federal Plaza,"Friedman, Paul (Acting)  Hanley, Victoria (Acting)",917-454-1040
Tsankov, Mimi,New York,New York,2,26 Federal Plaza,"Friedman, Paul (Acting)  Hanley, Victoria (Acting)",917-454-1040
Ubarri, Maria T.,New York,New York,2,26 Federal Plaza,"Friedman, Paul (Acting)  Hanley, Victoria (Acting)",917-454-1040
Wright, Virna,New York,New York,2,26 Federal Plaza,"Friedman, Paul (Acting)  Hanley, Victoria (Acting)",917-454-1040
Zagzoug, Randa,New York,New York,2,26 Federal Plaza,"Friedman, Paul (Acting)  Hanley, Victoria (Acting)",917-454-1040
Sagerman, Roger,Napanoch,New York,2,Ulster Correctional Facility,"Friedman, Paul (Acting)",845-647-2223
ul-Haq, Ubaid,Napanoch,New York,2,Ulster Correctional Facility,"Friedman, Paul (Acting)",845-647-2223
Burnham, Shayne R.,New York,New York,2,201 Varick St,"Friedman, Paul (Acting)",646-638-5766
Conroy, Charles R.,New York,New York,2,201 Varick St,"Friedman, Paul (Acting)",646-638-5766
Drucker, Richard H.,New York,New York,2,201 Varick St,"Friedman, Paul (Acting)",646-638-5766
Farber, Lauren F.,New York,New York,2,201 Varick St,"Friedman, Paul (Acting)",646-638-5766
Hoover III, Forrest W.,New York,New York,2,201 Varick St,"Friedman, Paul (Acting)",646-638-5766
Kolbe, Margaret,New York,New York,2,201 Varick St,"Friedman, Paul (Acting)",646-638-5766
Ling, Lisa W.,New York,New York,2,201 Varick St,"Friedman, Paul (Acting)",646-638-5766
Mulligan, Thomas,New York,New York,2,201 Varick St,"Friedman, Paul (Acting)",646-638-5766
Mungoven, Thomas J.,New York,New York,2,201 Varick St,"Friedman, Paul (Acting)",646-638-5766
Norkin, David A.,New York,New York,2,201 Varick St,"Friedman, Paul (Acting)",646-638-5766
Prieto, Francisco R.,New York,New York,2,201 Varick St,"Friedman, Paul (Acting)",646-638-5766
Reid, Dara F.,New York,New York,2,201 Varick St,"Friedman, Paul (Acting)",646-638-5766
Harris, Rodger C.,Charlotte,North Carolina,4,5701 Executive Center Dr,"Edwards, R. Elliott",704-817-6140
Lee, Amy,Charlotte,North Carolina,4,5701 Executive Center Dr,"Edwards, R. Elliott",704-817-6140
Riggs, George W. (William),Charlotte,North Carolina,4,5701 Executive Center Dr,"Edwards, R. Elliott",704-817-6140
Clemente, Jesus,Saipan,Northern Mariana Islands,9,Marina Heights II Building,"Viray, Glenda (Acting)",670-322-0601
Wagner, Clarence,Saipan,Northern Mariana Islands,9,Marina Heights II Building,"Viray, Glenda (Acting)",670-322-0601
Horton, Monte J.,Cleveland,Ohio,6,801 W Superior Ave,"Roder, James W.",216-802-1100
Imbacuan, Bruce D.,Cleveland,Ohio,6,801 W Superior Ave,"Roder, James W.",216-802-1100
Owens, Jonathan W.,Cleveland,Ohio,6,801 W Superior Ave,"Roder, James W.",216-802-1100
Pashayan, Donald,Cleveland,Ohio,6,801 W Superior Ave,"Roder, James W.",216-802-1100
Riedthaler-Williams, Jennifer M.,Cleveland,Ohio,6,801 W Superior Ave,"Roder, James W.",216-802-1100
Riley, Teresa L.,Cleveland,Ohio,6,801 W Superior Ave,"Roder, James W.",216-802-1100
Santoro, Jeremy J.,Cleveland,Ohio,6,801 W Superior Ave,"Roder, James W.",216-802-1100
Tripi, Michael A.,Cleveland,Ohio,6,801 W Superior Ave,"Roder, James W.",216-802-1100
Whipple, David C.,Cleveland,Ohio,6,801 W Superior Ave,"Roder, James W.",216-802-1100
Hoeppner, Mindy E.,Portland,Oregon,9,1220 SW 3rd Ave,"John, Michael",503-326-6341
Lemke, Kathy J.,Portland,Oregon,9,1220 SW 3rd Ave,"John, Michael",503-326-6341
Zanfardino, Richard M.,Portland,Oregon,9,1220 SW 3rd Ave,"John, Michael",503-326-6341
Carle, John B.,Philadelphia,Pennsylvania,3,Robert Nix Federal Bldg and Courthouse,"Alicea, Alterra",215-656-7000
Ehlers, Patrick J.,Philadelphia,Pennsylvania,3,Robert Nix Federal Bldg and Courthouse,"Alicea, Alterra",215-656-7000
Garcy, Annie S.,Philadelphia,Pennsylvania,3,Robert Nix Federal Bldg and Courthouse,"Alicea, Alterra",215-656-7000
Lee, Mary C.,Philadelphia,Pennsylvania,3,Robert Nix Federal Bldg and Courthouse,"Alicea, Alterra",215-656-7000
Malloy, Rosalind K.,Philadelphia,Pennsylvania,3,Robert Nix Federal Bldg and Courthouse,"Alicea, Alterra",215-656-7000
Morley, Steven,Philadelphia,Pennsylvania,3,Robert Nix Federal Bldg and Courthouse,"Alicea, Alterra",215-656-7000
Scott, Joseph C.,Philadelphia,Pennsylvania,3,Robert Nix Federal Bldg and Courthouse,"Alicea, Alterra",215-656-7000
Golparvar, Kuyomars,York,Pennsylvania,3,3400 Concord Rd,"Barrow, Tina",717-755-7555
Hartye, Alice Song,York,Pennsylvania,3,3400 Concord Rd,"Barrow, Tina",717-755-7555
Watters, Matthew H.,York,Pennsylvania,3,3400 Concord Rd,"Barrow, Tina",717-755-7555
Diaz-Rex, Julia,Guaynabo,Puerto Rico,1,San Patricio Office Center,"Quiles, Luis",787-749-4386
Espinal, Pedro J.,Guaynabo,Puerto Rico,1,San Patricio Office Center,"Quiles, Luis",787-749-4386
Talavera-Peraza, Elvin R.,Guaynabo,Puerto Rico,1,San Patricio Office Center,"Quiles, Luis",787-749-4386
Holt, Rebecca L.,Memphis,Tennessee,6,Brinkley Plaza,"Davis, J. Thomas",901-528-5883
Maldonado, Luis A.,Memphis,Tennessee,6,Brinkley Plaza,"Davis, J. Thomas",901-528-5883
Russo, David A.,Memphis,Tennessee,6,Brinkley Plaza,"Davis, J. Thomas",901-528-5883
Brisack,Chris A.,Conroe,Texas,5,806 Hilbig Rd,"Russelburg, Mark",936-520-5400
D'Andrea, Holly A.,Conroe,Texas,5,806 Hilbig Rd,"Russelburg, Mark",936-520-5400
Evans, Mark S.,Conroe,Texas,5,806 Hilbig Rd,"Russelburg, Mark",936-520-5400
Powell,Robert L.,Conroe,Texas,5,806 Hilbig Rd,"Russelburg, Mark",936-520-5400
Sapp, Billy J.,Conroe,Texas,5,806 Hilbig Rd,"Russelburg, Mark",936-520-5400
Davis-Gumbs, Xiomara D.,Dallas,Texas,5,1100 Commerce St,"Baker, Barbara T.",214-767-1814
Ferguson, Jason D.,Dallas,Texas,5,1100 Commerce St,"Baker, Barbara T.",214-767-1814
Hines, Glen R.,Dallas,Texas,5,1100 Commerce St,"Baker, Barbara T.",214-767-1814
Kimball, R. Wayne,Dallas,Texas,5,1100 Commerce St,"Baker, Barbara T.",214-767-1814
Nugent, James A.,Dallas,Texas,5,1100 Commerce St,"Baker, Barbara T.",214-767-1814
Ozmun, Richard R.,Dallas,Texas,5,1100 Commerce St,"Baker, Barbara T.",214-767-1814
Perez-Guzman, Virginia,Dallas,Texas,5,1100 Commerce St,"Baker, Barbara T.",214-767-1814
Sims, Deitrich H.,Dallas,Texas,5,1100 Commerce St,"Baker, Barbara T.",214-767-1814
Thielemann, Christopher J.,Dallas,Texas,5,1100 Commerce St,"Baker, Barbara T.",214-767-1814
Bonilla, Judith F.,El Paso,Texas,5,700 E San Antonio Ave,"Buckmire, Rodney D.",915-534-6020
Herbert, Nathan L.,El Paso,Texas,5,700 E San Antonio Ave,"Buckmire, Rodney D.",915-534-6020
Miller Jr., James J.,El Paso,Texas,5,700 E San Antonio Ave,"Buckmire, Rodney D.",915-534-6020
Abbott, William L.,El Paso,Texas,5,Service Processing Center,"Quinonez, Jose A.",915-771-1600
Pleters, Michael S.,El Paso,Texas,5,Service Processing Center,"Quinonez, Jose A.",915-771-1600
Ruhle, Stephen,El Paso,Texas,5,Service Processing Center,"Quinonez, Jose A.",915-771-1600
Tuckman, Dean S.,El Paso,Texas,5,Service Processing Center,"Quinonez, Jose A.",915-771-1600
Bashore, Jacob D.,Fort Worth,Texas,5,819 Taylor St,"González, Robert C.",817-333-0500
Crews II, John G.,Fort Worth,Texas,5,819 Taylor St,"González, Robert C.",817-333-0500
Eller Jr., Donald R.,Fort Worth,Texas,5,819 Taylor St,"González, Robert C.",817-333-0500
Ellison, Sarah M.,Fort Worth,Texas,5,819 Taylor St,"González, Robert C.",817-333-0500
Fluke, Randall L.,Fort Worth,Texas,5,819 Taylor St,"González, Robert C.",817-333-0500
Fowler, Kelley N.,Fort Worth,Texas,5,819 Taylor St,"González, Robert C.",817-333-0500
Freeman, D'Anna H.,Fort Worth,Texas,5,819 Taylor St,"González, Robert C.",817-333-0500
Guidry, Monica Thompson,Fort Worth,Texas,5,819 Taylor St,"González, Robert C.",817-333-0500
Hart, Brandon L.,Fort Worth,Texas,5,819 Taylor St,"González, Robert C.",817-333-0500
Jacobs, Richard C.,Fort Worth,Texas,5,819 Taylor St,"González, Robert C.",817-333-0500
John-Baptiste, Allan F.,Fort Worth,Texas,5,819 Taylor St,"González, Robert C.",817-333-0500
Martinez, Hugo R.,Fort Worth,Texas,5,819 Taylor St,"González, Robert C.",817-333-0500
May, Jennifer A.,Fort Worth,Texas,5,819 Taylor St,"González, Robert C.",817-333-0500
Schools, Shelly W.,Fort Worth,Texas,5,819 Taylor St,"González, Robert C.",817-333-0500
Achtsam, Howard,Harlingen,Texas,5,2009 W Jefferson Ave,"Cunningham, Jennifer",956-427-8580
Brooks, Mark K.,Harlingen,Texas,5,2009 W Jefferson Ave,"Cunningham, Jennifer",956-427-8580
Clancy, Sean D.,Harlingen,Texas,5,2009 W Jefferson Ave,"Cunningham, Jennifer",956-427-8580
González, Delia I.,Harlingen,Texas,5,2009 W Jefferson Ave,"Cunningham, Jennifer",956-427-8580
Leonard, Joseph T.,Harlingen,Texas,5,2009 W Jefferson Ave,"Cunningham, Jennifer",956-427-8580
Bhagat, Nimmo,Houston,Texas,5,1801 Smith St,"Ramirez, Humberto",713-718-3870
Brown IV, Sam,Houston,Texas,5,1801 Smith St,"Ramirez, Humberto",713-718-3870
Endelman, Gary E.,Houston,Texas,5,1801 Smith St,"Ramirez, Humberto",713-718-3870
Gemoets, Marcos,Houston,Texas,5,1801 Smith St,"Ramirez, Humberto",713-718-3870
Greenstein, Saul E.,Houston,Texas,5,1801 Smith St,"Ramirez, Humberto",713-718-3870
Jamadar, Richard A.,Houston,Texas,5,1801 Smith St,"Ramirez, Humberto",713-718-3870
Khan, Anwer A.,Houston,Texas,5,1801 Smith St,"Ramirez, Humberto",713-718-3870
McGuirk, Erica J.,Houston,Texas,5,1801 Smith St,"Ramirez, Humberto",713-718-3870
Nguyen, Bao Q.,Houston,Texas,5,1801 Smith St,"Ramirez, Humberto",713-718-3870
Osborn, Joshua D.,Houston,Texas,5,1801 Smith St,"Ramirez, Humberto",713-718-3870
Picos, Georgina M.,Houston,Texas,5,1801 Smith St,"Ramirez, Humberto",713-718-3870
Walton, Richard D.,Houston,Texas,5,1801 Smith St,"Ramirez, Humberto",713-718-3870
Wang, Lynn W.,Houston,Texas,5,1801 Smith St,"Ramirez, Humberto",713-718-3870
Guidry, Monica T.,Houston,Texas,5,16800 Greenspoint Park Dr,Mark Russelburg (Acting)  Humberto Ramirez (Acting),281-765-5900
Hempel, Nicholle M.,Houston,Texas,5,16800 Greenspoint Park Dr,Mark Russelburg (Acting)  Humberto Ramirez (Acting),281-765-5900
Landis, Brent H.,Houston,Texas,5,16800 Greenspoint Park Dr,Mark Russelburg (Acting)  Humberto Ramirez (Acting),281-765-5900
McGuirk, Erica J.,Houston,Texas,5,16800 Greenspoint Park Dr,Mark Russelburg (Acting)  Humberto Ramirez (Acting),281-765-5900
Parker, Martinque M.,Houston,Texas,5,16800 Greenspoint Park Dr,Mark Russelburg (Acting)  Humberto Ramirez (Acting),281-765-5900
Paxton, David M.,Houston,Texas,5,16800 Greenspoint Park Dr,Mark Russelburg (Acting)  Humberto Ramirez (Acting),281-765-5900
Spencer, Oshea D.,Houston,Texas,5,16800 Greenspoint Park Dr,Mark Russelburg (Acting)  Humberto Ramirez (Acting),281-765-5900
Wells, Kenya L.,Houston,Texas,5,16800 Greenspoint Park Dr,Mark Russelburg (Acting)  Humberto Ramirez (Acting),281-765-5900
Whitworth, Mark R.,Houston,Texas,5,16800 Greenspoint Park Dr,Mark Russelburg (Acting)  Humberto Ramirez (Acting),281-765-5900
Brown, Kevin L.,Houston,Texas,5,8701 S Gessner Rd,"Ledbetter, Troy C.",713-995-3900
Cordero-Gonzalez, Miguel A.,Houston,Texas,5,8701 S Gessner Rd,"Ledbetter, Troy C.",713-995-3900
Dvorak, Charissa S.,Houston,Texas,5,8701 S Gessner Rd,"Ledbetter, Troy C.",713-995-3900
Jenkins, Arkesia S.,Houston,Texas,5,8701 S Gessner Rd,"Ledbetter, Troy C.",713-995-3900
Jones, DeLana M.,Houston,Texas,5,8701 S Gessner Rd,"Ledbetter, Troy C.",713-995-3900
McPhail, John W.,Houston,Texas,5,8701 S Gessner Rd,"Ledbetter, Troy C.",713-995-3900
Schumann, Christopher M.,Houston,Texas,5,8701 S Gessner Rd,"Ledbetter, Troy C.",713-995-3900
Thompson, Kenley J.,Houston,Texas,5,8701 S Gessner Rd,"Ledbetter, Troy C.",713-995-3900
Yates, Clarease Rankin,Houston,Texas,5,8701 S Gessner Rd,"Ledbetter, Troy C.",713-995-3900
Alcorn, Stuart D.,Pearsall,Texas,5,566 Veterans Dr,"Juarez, Jose",210-368-5700
Martinez, Elizabeth,Pearsall,Texas,5,566 Veterans Dr,"Juarez, Jose",210-368-5700
McKee, Robert Reid,Pearsall,Texas,5,566 Veterans Dr,"Juarez, Jose",210-368-5700
Paulissen," Walter L. ""Bud""",Pearsall,Texas,5,566 Veterans Dr,"Juarez, Jose",210-368-5700
Castaneda, Julian,Los Fresnos,Texas,5,Port Isabel Processing Center,"Barry, Robert N.",956-254-5700
Cigarroa, Barbara Gonzalez,Los Fresnos,Texas,5,Port Isabel Processing Center,"Barry, Robert N.",956-254-5700
Hable, Paul A.,Los Fresnos,Texas,5,Port Isabel Processing Center,"Barry, Robert N.",956-254-5700
Onyewuchi, Morris I.,Los Fresnos,Texas,5,Port Isabel Processing Center,"Barry, Robert N.",956-254-5700
Pimentel, Frank T.,Los Fresnos,Texas,5,Port Isabel Processing Center,"Barry, Robert N.",956-254-5700
Adams, Justin,San Antonio,Texas,5,800 Dolorosa St,"Juarez, Jose",210-472-6637
Burkhart, Margaret D.,San Antonio,Texas,5,800 Dolorosa St,"Juarez, Jose",210-472-6637
Crossan Jr., Thomas G.,San Antonio,Texas,5,800 Dolorosa St,"Juarez, Jose",210-472-6637
Gonzalez, Yvonne S.,San Antonio,Texas,5,800 Dolorosa St,"Juarez, Jose",210-472-6637
Harlow, Craig A.,San Antonio,Texas,5,800 Dolorosa St,"Juarez, Jose",210-472-6637
Lafuente-Gaona, Cynthia,San Antonio,Texas,5,800 Dolorosa St,"Juarez, Jose",210-472-6637
Martin, Clay N.,San Antonio,Texas,5,800 Dolorosa St,"Juarez, Jose",210-472-6637
Martinez, Anibal D.,San Antonio,Texas,5,800 Dolorosa St,"Juarez, Jose",210-472-6637
McCullough, Charles M.,San Antonio,Texas,5,800 Dolorosa St,"Juarez, Jose",210-472-6637
Newaz, Rifian S.,San Antonio,Texas,5,800 Dolorosa St,"Juarez, Jose",210-472-6637
Santander, Daniel J.,San Antonio,Texas,5,800 Dolorosa St,"Juarez, Jose",210-472-6637
Tijerina, Eric J.,San Antonio,Texas,5,800 Dolorosa St,"Juarez, Jose",210-472-6637
Tyrakoski, Meredith,San Antonio,Texas,5,800 Dolorosa St,"Juarez, Jose",210-472-6637
Anderson, David C.,West Valley City,Utah,10,2975 S Decker Lake Dr,"Nelson, Kodi E.",801-524-3000
Greer, Christopher M.,West Valley City,Utah,10,2975 S Decker Lake Dr,"Nelson, Kodi E.",801-524-3000
Truman, Phillip M.,West Valley City,Utah,10,2975 S Decker Lake Dr,"Nelson, Kodi E.",801-524-3000
Barnes, John Cody,Arlington,Virginia,4,1901 S Bell St,"Cortes, Juan",703-603-1300
Bryant, John M.,Arlington,Virginia,4,1901 S Bell St,"Cortes, Juan",703-603-1300
Burman, Lawrence O.,Arlington,Virginia,4,1901 S Bell St,"Cortes, Juan",703-603-1300
Choi, Raphael,Arlington,Virginia,4,1901 S Bell St,"Cortes, Juan",703-603-1300
Hladylowycz, Roxanne C.,Arlington,Virginia,4,1901 S Bell St,"Cortes, Juan",703-603-1300
Kelly, Wynne P.,Arlington,Virginia,4,1901 S Bell St,"Cortes, Juan",703-603-1300
Lukose, Lolita M.,Arlington,Virginia,4,1901 S Bell St,"Cortes, Juan",703-603-1300
Manuel, Elise,Arlington,Virginia,4,1901 S Bell St,"Cortes, Juan",703-603-1300
McCloskey, Paul A.,Arlington,Virginia,4,1901 S Bell St,"Cortes, Juan",703-603-1300
Mendez, Francisco,Arlington,Virginia,4,1901 S Bell St,"Cortes, Juan",703-603-1300
Nadkarni, Deepali,Arlington,Virginia,4,1901 S Bell St,"Cortes, Juan",703-603-1300
O’Brien, Matthew J.,Arlington,Virginia,4,1901 S Bell St,"Cortes, Juan",703-603-1300
Perlman, Helaine R.,Arlington,Virginia,4,1901 S Bell St,"Cortes, Juan",703-603-1300
Soper, Emmett D.,Arlington,Virginia,4,1901 S Bell St,"Cortes, Juan",703-603-1300
Stevens, Karen D.,Arlington,Virginia,4,1901 S Bell St,"Cortes, Juan",703-603-1300
Torg, Cynthia Shepherd,Arlington,Virginia,4,1901 S Bell St,"Cortes, Juan",703-603-1300
White, David,Arlington,Virginia,4,1901 S Bell St,"Cortes, Juan",703-603-1300
De Cardona, Lisa,Falls Church,Virginia,4,5107 Leesburg Pike,"Meyers, Natalie",703-756-8002
Farrar-Crockett, Emily N.,Falls Church,Virginia,4,5107 Leesburg Pike,"Meyers, Natalie",703-756-8002
Lewandowski, Robert M.,Falls Church,Virginia,4,5107 Leesburg Pike,"Meyers, Natalie",703-756-8002
Martz, Nicholas A.,Falls Church,Virginia,4,5107 Leesburg Pike,"Meyers, Natalie",703-756-8002
Ward Jr., George J.,Falls Church,Virginia,4,5107 Leesburg Pike,"Meyers, Natalie",703-756-8002
Kaplan, Elliot M.,Richmond,Virginia,4,10 S 6th St,"English-Figueroa, Yolanda",
Napier, Wade T.,Richmond,Virginia,4,10 S 6th St,"English-Figueroa, Yolanda",
Rivera, Tamaira,Richmond,Virginia,4,10 S 6th St,"English-Figueroa, Yolanda",
Robertson, David H.,Richmond,Virginia,4,10 S 6th St,"English-Figueroa, Yolanda",
Terrien, Jeb T.,Richmond,Virginia,4,10 S 6th St,"English-Figueroa, Yolanda",
Evans, David W.,Seattle,Washington,9,915 2nd Ave,"MacAdam, Tasha (Acting)",206-342-7200
Johnson, Shane E.,Seattle,Washington,9,915 2nd Ave,"MacAdam, Tasha (Acting)",206-342-7200
McSeveney, Robert B.C.,Seattle,Washington,9,915 2nd Ave,"MacAdam, Tasha (Acting)",206-342-7200
Parchert, Brett M.,Seattle,Washington,9,915 2nd Ave,"MacAdam, Tasha (Acting)",206-342-7200
Windrow, Hayden,Seattle,Washington,9,915 2nd Ave,"MacAdam, Tasha (Acting)",206-342-7200
Fitting, Tammy,Tacoma,Washington,9,1623 E J St,"Neifert, Joseph",253-779-6020
Floyd, Charles Neil,Tacoma,Washington,9,1623 E J St,"Neifert, Joseph",253-779-6020
Odell, John C.,Tacoma,Washington,9,1623 E J St,"Neifert, Joseph",253-779-6020
