,uuid,AWS link,panel_members,application_type,decision_date,country_of_origin,outcome,case_origin_state,case_origin_city,protected_grounds,type_of_persecution,credibility,check_for_one_year
0,140194281-Ali-Fares-A047-654-200-BIA-Apr-30-2013.pdf,https://hrf-asylum-cases.s3.amazonaws.com/140194281-Ali-Fares-A047-654-200-BIA-Apr-30-2013.pdf,Michael J. Creppy,Waiver of removability,2013-04-30,Tunisia,Dismissed,HI,Honolulu,,,False,False
1,165227167-K-O-A-BIA-Aug-27-2013.pdf,https://hrf-asylum-cases.s3.amazonaws.com/165227167-K-O-A-BIA-Aug-27-2013.pdf,"Linda S. Wendtland,Roger Pauley,Teresa L. Donovan","Asylum; withholding of removal; Convention Against Torture;
voluntary departure; remand",2013-08-27,Ghana,Sustained; remanded,NJ,Elizabeth,"Social, Political",,True,True
2,171952033-Luis-Narciso-Sedeno-Trujillo-A088-190-240-BIA-Sept-22-2010.pdf,https://hrf-asylum-cases.s3.amazonaws.com/171952033-Luis-Narciso-Sedeno-Trujillo-A088-190-240-BIA-Sept-22-2010.pdf,"Anne J. Greer,Linda S. Wendtland,Roger Pauley",Termination,2010-09-22,,Sustained; remanded,CT,Hartford,,,False,False
3,175361890-Jose-Zacaria-Quinteros-A088-239-850-BIA-Mar-31-2011.pdf,https://hrf-asylum-cases.s3.amazonaws.com/175361890-Jose-Zacaria-Quinteros-A088-239-850-BIA-Mar-31-2011.pdf,"Anne J. Greer,Linda S. Wendtland,Roger Pauley","Suppression, termination, voluntary depa",2011-03-31,Honduras,Remanded,TN,Memphis,,,False,False
4,202216334-Francisco-Hernandez-Pina-A073-976-639-BIA-Jan-19-2012.pdf,https://hrf-asylum-cases.s3.amazonaws.com/202216334-Francisco-Hernandez-Pina-A073-976-639-BIA-Jan-19-2012.pdf,"Anne J. Greer,Patricia A. Cole,Roger Pauley","Special rule cancellation of removal; cancellation of removal under
section 240A(b)",2012-01-19,Mexico,Sustained; remanded,CA,Los Angeles,,,True,False
5,205871959-M-G-O-AXXX-XXX-611-BIA-Feb-4-2014.pdf,https://hrf-asylum-cases.s3.amazonaws.com/205871959-M-G-O-AXXX-XXX-611-BIA-Feb-4-2014.pdf,"Linda S. Wendtland,Roger Pauley,Teresa L. Donovan","Asylum; withholding of removal; Convention Against Torture;
voluntary departure; remand",2014-02-04,Mexico,Sustained; remanded,TN,Memphis,Social,Family,True,True
6,208167027-J-M-S-B-W-AXX-XXX-109-BIA-Apr-4-2003.pdf,https://hrf-asylum-cases.s3.amazonaws.com/208167027-J-M-S-B-W-AXX-XXX-109-BIA-Apr-4-2003.pdf,Edward R. Grant,"Asylum; withholding of removal; Convention Against Torture;
voluntary departure; remand",2003-04-16,Zaire,denied; granted; remanded,MA,Boston,,,False,False
7,225423441-Roberson-Joseph-A078-360-606-BIA-Nov-18-2013.pdf,https://hrf-asylum-cases.s3.amazonaws.com/225423441-Roberson-Joseph-A078-360-606-BIA-Nov-18-2013.pdf,"Anne J. Greer,Linda S. Wendtland,Roger Pauley",Waiver of inadmissibility under section 212(h) ,2013-11-18,Haiti,Sustained; remanded,NY,New York,,,False,False
8,271354416-D-M-R-BIA-June-9-2015.pdf,https://hrf-asylum-cases.s3.amazonaws.com/271354416-D-M-R-BIA-June-9-2015.pdf,"Anne J. Greer,Charles K. Adkins-Blanch,Neil P. Miller",Asylum; withholding of removal; Convention Against Torture,2015-06-09,El Salvador,dismissed; sustained; remanded,AZ,Phoenix,Social,Family,False,True
9,309306110-Sergio-Maldonado-A078-567-541-BIA-March-21-2016.pdf,https://hrf-asylum-cases.s3.amazonaws.com/309306110-Sergio-Maldonado-A078-567-541-BIA-March-21-2016.pdf,"Brian M. O'Leary,Edward R. Grant,John Guendelsberger",Reopening,2016-03-21,Mexico,Sustained; remanded,TX,Houston,,,False,False
10,311736830-H-R-M-AXXX-XXX-381-BIA-March-14-2016.pdf,https://hrf-asylum-cases.s3.amazonaws.com/311736830-H-R-M-AXXX-XXX-381-BIA-March-14-2016.pdf,"Anne J. Greer,Charles K. Adkins-Blanch,Margaret M O'Herron",Asylun; withholding of removal; Convention Against Torture,2016-03-17,Honduras,Sustained; remanded,CO,Centennial,Social,Family,False,False
11,318845018-Ennio-Edgardo-Galvez-A095-006-115-BIA-July-5-2016.pdf,https://hrf-asylum-cases.s3.amazonaws.com/318845018-Ennio-Edgardo-Galvez-A095-006-115-BIA-July-5-2016.pdf,Edward R. Grant,Reopening,2016-07-05,El Salvador,Remanded,CA,Los Angeles,,,False,False
12,322069426-Maricela-Jacquelin-Madrid-Gomez-A206-254-226-BIA-Aug-11-2016.pdf,https://hrf-asylum-cases.s3.amazonaws.com/322069426-Maricela-Jacquelin-Madrid-Gomez-A206-254-226-BIA-Aug-11-2016.pdf,"Blair O'Connor,Brian M. O'Leary,Charles K. Adkins-Blanch",Reopening,2016-08-11,El Salvador,Sustained; remanded,CA,Los Angeles,,,False,False
13,328162186-H-B-AXXX-XXX-608-BIA-July-26-2016.pdf,https://hrf-asylum-cases.s3.amazonaws.com/328162186-H-B-AXXX-XXX-608-BIA-July-26-2016.pdf,"Anne J. Greer,Linda S. Wendtland,Roger Pauley",Asylum; withholding ofremoval; Convention Against Torture,2016-07-26,Bangladesh,Sustained; remanded,GA,Lumpkin,Political,,True,False
14,334139459-S-V-C-AXXX-XXX-431-BIA-Nov-1-2016.pdf,https://hrf-asylum-cases.s3.amazonaws.com/334139459-S-V-C-AXXX-XXX-431-BIA-Nov-1-2016.pdf,"Anrie J. Greer,Charles K. Adkins-Blanch,Margaret M O'Herron",Asylum; withholding of removal; Convention Against Torture,2016-11-01,El Salvador,Remanded,MD,Baltimore,Social,Family,True,True
15,337539141-Bertha-A-Lopez-Tovar-A071-904-519-BIA-Dec-12-2016.pdf,https://hrf-asylum-cases.s3.amazonaws.com/337539141-Bertha-A-Lopez-Tovar-A071-904-519-BIA-Dec-12-2016.pdf,"Joan B Geller,John Guendelsberger,Roger Pauley",Termination of proceedings,2016-12-12,,sustained; terminated,AZ,Eloy,,,False,False
16,337540716-Clebson-Sousa-Carneiro-A078-254-701-BIA-Jan-6-2017.pdf,https://hrf-asylum-cases.s3.amazonaws.com/337540716-Clebson-Sousa-Carneiro-A078-254-701-BIA-Jan-6-2017.pdf,Blair Ana O'Connor Mann Charles K. Adkins-Blanch,Reopening,2017-01-06,"Goiania, Brazil",sustained; remanded; vacated,MA,Everett,"race, nationality, political",Political violence against family,False,False
17,337542906-A-A-L-M-AXXX-XXX-585-BIA-Oct-22-2015.pdf,https://hrf-asylum-cases.s3.amazonaws.com/337542906-A-A-L-M-AXXX-XXX-585-BIA-Oct-22-2015.pdf,Margaret M Neil P. O'Herron Anne J. Miller Greer,Asylum; withholding of removal; Convention Against Torture,2015-10-22,Nicaragua,Remanded,FL,Miami,,Domestic Violence,False,False
18,349320269-S-D-AXXX-XXX-230-BIA-April-26-2017.pdf,https://hrf-asylum-cases.s3.amazonaws.com/349320269-S-D-AXXX-XXX-230-BIA-April-26-2017.pdf,Hugh G. Ellen C Mullane Michael J. Liebowitz Creppy,Termination; withholding of removal; Convention Against Torture,2017-04-26,India,sustained; terminated,OH,Cleveland,,,False,False
19,349321596-Adela-Nolasco-Santiago-A205-497-497-BIA-May-3-2017.pdf,https://hrf-asylum-cases.s3.amazonaws.com/349321596-Adela-Nolasco-Santiago-A205-497-497-BIA-May-3-2017.pdf,Roger Edward R. Pauley Edward F. Grant Kelly,Cancellation of removal under section 240A(b) of the Act,2017-05-03,Mexico,Remanded,CT,Hartford,,,False,False
20,351906329-Naser-Noaman-Mohamed-Al-Maotari-A077-251-699-BIA-June-2-2017.pdf,https://hrf-asylum-cases.s3.amazonaws.com/351906329-Naser-Noaman-Mohamed-Al-Maotari-A077-251-699-BIA-June-2-2017.pdf,Garry D. Ellen C Malphrus John Liebowitz Guendelsberger,Removability,2017-06-02,,sustained; remanded,MD,Silver Springs,,,False,False
21,354710999-O-S-N-M-AXXX-XXX-633-BIA-July-10-2017.pdf,https://hrf-asylum-cases.s3.amazonaws.com/354710999-O-S-N-M-AXXX-XXX-633-BIA-July-10-2017.pdf,Charles K. David L Adkins-Blanch Molly Neal Kendall Clark,Termination,2017-07-10,Nicaragua,Sustained, ,Los Angeles,,,False,False
22,362583855-Eric-Omari-Thorpe-A047-924-686-BIA-Sept-29-2017.pdf,https://hrf-asylum-cases.s3.amazonaws.com/362583855-Eric-Omari-Thorpe-A047-924-686-BIA-Sept-29-2017.pdf,Molly Edward F. Kendall Clark Anne J. Kelly Greer,Reopening; reconsideration; termination,2017-09-29,Jamaica,granted; vacated; terminated,FL,Crawfordville,,,False,False
23,365733322-R-P-C-AXXX-XXX-469-BIA-Nov-13-2017.pdf,https://hrf-asylum-cases.s3.amazonaws.com/365733322-R-P-C-AXXX-XXX-469-BIA-Nov-13-2017.pdf,Ellen C Michael J. Liebowitz Hugh G. Creppy Mullane,"Termination; adjustment of status; waiver of inadmissibility; withholding of
removal ",2017-11-13,Guatemala,sustained; remanded,VA,Alexandria,,,False,False
24,369893393-B-D-AXXX-XXX-395-BIA-Dec-21-2017.pdf,https://hrf-asylum-cases.s3.amazonaws.com/369893393-B-D-AXXX-XXX-395-BIA-Dec-21-2017.pdf,Edward R. Patricia A. Grant Charles K. Cole Adkins-Blanch,Cancellation of removal; withholding of removal; Convention Against Torture,2017-12-21,Mali,sustained; remanded,NY,New York,Religion,Female Genital Mutilation,True,False
25,371996140-I-C-B-AXXX-XXX-441-BIA-Jan-25-2018.pdf,https://hrf-asylum-cases.s3.amazonaws.com/371996140-I-C-B-AXXX-XXX-441-BIA-Jan-25-2018.pdf,Anne J. Linda S. Greer Roger Wendtland Pauley,Asylum; withholding of removal; Convention Against Torture,2018-01-25,Mexico,sustained; terminated,TX,Huston,Political,Gang,True,False
26,371997582-Raul-Gonzalez-A092-143-856-BIA-Feb-2-2018.pdf,https://hrf-asylum-cases.s3.amazonaws.com/371997582-Raul-Gonzalez-A092-143-856-BIA-Feb-2-2018.pdf,Edward R. Molly Grant John Kendall Clark Guendelsberger,Reopening; termination,2018-02-02,Mexico,granted; terminated,CA,Santa Clarita,,,True,False
27,371997958-Rocio-Alida-Valencia-Barragan-A209-138-515-BIA-Feb-5-2018.pdf,https://hrf-asylum-cases.s3.amazonaws.com/371997958-Rocio-Alida-Valencia-Barragan-A209-138-515-BIA-Feb-5-2018.pdf,Ana Charles K. Mann Edward R. Adkins-Blanch Grant,Reopening,2018-02-05,Mexico,sustained; vacated; remanded,WA,Seattle,Political,Gang,False,False
28,374338607-S-W-S-S-AXXX-XXX-680-BIA-Feb-26-2018.pdf,https://hrf-asylum-cases.s3.amazonaws.com/374338607-S-W-S-S-AXXX-XXX-680-BIA-Feb-26-2018.pdf,Edward R. Grant,APPEAL,2018-02-26,Guatemala,returned,CA,Los Angeles,,,False,False
29,374339687-H-M-C-J-AXXX-XXX-586-BIA-March-1-2018.pdf,https://hrf-asylum-cases.s3.amazonaws.com/374339687-H-M-C-J-AXXX-XXX-586-BIA-March-1-2018.pdf,Joan B Geller,Asylum,2018-03-01,Honduras,dismissed; remanded,FL,Miami,Political?,Violence,True,True
30,377420389-A-L-D-G-AXXX-XXX-287-BIA-March-14-2018.pdf,https://hrf-asylum-cases.s3.amazonaws.com/377420389-A-L-D-G-AXXX-XXX-287-BIA-March-14-2018.pdf,John P. Anne J. Crossett Roger Greer Pauley,Asylum; withholding of removal; Convention Against Torture,2018-03-14,El Salvador,vacated; denied; sustained; remanded,MD,Baltimore,Social Group,Gang,True,False
31,377420845-C-A-R-M-AXXX-XXX-713-BIA-March-15-2018.pdf,https://hrf-asylum-cases.s3.amazonaws.com/377420845-C-A-R-M-AXXX-XXX-713-BIA-March-15-2018.pdf,John P. Anne J. Crossett Patricia A Greer Cole,Continuanice,2018-03-15,Guatemala,remanded,NC,Raleigh,,,True,False
32,380078935-A-T-AXXX-XXX-662-BIA-May-8-2018.pdf,https://hrf-asylum-cases.s3.amazonaws.com/380078935-A-T-AXXX-XXX-662-BIA-May-8-2018.pdf,Edward R. Grant,Reopening; termination,2018-05-08,Guinea,granted; terminated,NY,New York,,,,
33,380079140-E-A-A-M-AXXX-XXX-461-BIA-May-10-2018.pdf,https://hrf-asylum-cases.s3.amazonaws.com/380079140-E-A-A-M-AXXX-XXX-461-BIA-May-10-2018.pdf,"Charles K. Adkins-Blanch,Roger Pauley,Thomas G Snow",Convention Against Torture,2018-05-10,Mexico,sustained; remanded,UT,West Valley City,,violence,,
34,382793281-J-M-O-M-AXXX-XXX-580-BIA-May-16-2018.pdf,https://hrf-asylum-cases.s3.amazonaws.com/382793281-J-M-O-M-AXXX-XXX-580-BIA-May-16-2018.pdf,"Anne J. Greer,Linda S. Wendtland,Roger Pauley",Asylum; withholding of removal; Convention Against Torture,2018-05-16,Honduras,sustained; remanded,TX,Houston,social group,,False,
35,386773053-A-A-H-AXXX-XXX-492-BIA-July-18-2018.pdf,https://hrf-asylum-cases.s3.amazonaws.com/386773053-A-A-H-AXXX-XXX-492-BIA-July-18-2018.pdf,"Charles K Adkins-Blanch,Edward F. Kelly,Thomas G Snow",Reopening,2018-07-18,Iraq,sustained; remanded,LA,Oakdale,,,,
36,389525713-Y-M-AXXX-XX-937-BIA-Aug-14-2018.pdf,https://hrf-asylum-cases.s3.amazonaws.com/389525713-Y-M-AXXX-XX-937-BIA-Aug-14-2018.pdf,"Anne J. Greer,John P. Crossett,Linda S. Wendtland",Cancellation of removal under section 240A(b) of the Act,2018-08-14,The Gambia,sustained; remanded,GA,Atlanta,social,gender,False,
37,389527101-A-H-A-B-AXXX-XXX-502-BIA-Aug-31-2018.pdf,https://hrf-asylum-cases.s3.amazonaws.com/389527101-A-H-A-B-AXXX-XXX-502-BIA-Aug-31-2018.pdf,"Garry D. Malphrus,Keith E. Hunsucker,Michael J. Creppy",Convention Against Torture,2018-08-31,Iraq,dismissed; remanded,AZ,Eloy,political,violence,False,
38,391517904-J-F-B-AXX-XXX-977-BIA-Sept-13-2018.pdf,https://hrf-asylum-cases.s3.amazonaws.com/391517904-J-F-B-AXX-XXX-977-BIA-Sept-13-2018.pdf,"Anne J. Greer,John P. Crossett,Linda S. Wendtland",Asylum; withholding of removal; Convention Against Torture,2018-09-13,Nicaragua,remanded,MD,Baltimore,,,,
39,391518649-L-G-M-AXXX-XXX-348-BIA-Sept-24-2018.pdf,https://hrf-asylum-cases.s3.amazonaws.com/391518649-L-G-M-AXXX-XXX-348-BIA-Sept-24-2018.pdf,"Anne J. Greer,John P. Crossett,Linda S. Wendtland",Asylum; withholding of removal; Convention Against Torture; voluntary departure,2018-09-24,Mexico,sustained; vacated; remanded,CA,San Diego,,gang,False,
40,393702763-A-K-N-AXXX-XXX-792-BIA-Oct-24-2018.pdf,https://hrf-asylum-cases.s3.amazonaws.com/393702763-A-K-N-AXXX-XXX-792-BIA-Oct-24-2018.pdf,"Ellen C Liebowitz,Garry D. Malphrus,Hugh G. Mullane",Withholding of removal; remand,2018-10-24,Russia,remanded,LA,Oakdale,,,,
41,393702813-N-I-M-AXXX-XXX-918-BIA-Oct-24-2018.pdf,https://hrf-asylum-cases.s3.amazonaws.com/393702813-N-I-M-AXXX-XXX-918-BIA-Oct-24-2018.pdf,"Charles K. Adkins-Blanch,Joan B Geller,Thomas G Snow",Asylum; withholding of removal; Convention Against Torture; remand,2018-10-24,Mexico,sustained; remanded,NC,Charlotte,,,,False
42,393703663-M-G-AXXX-XXX-029-BIA-Oct-30-2018.pdf,https://hrf-asylum-cases.s3.amazonaws.com/393703663-M-G-AXXX-XXX-029-BIA-Oct-30-2018.pdf,"Edward R. Grant,John Guendelsberger,Molly Kendall Clark",Asylum; withholding of removal,2018-10-30,Eritrea,remanded,TX,Los Fresnos,"social, political",violence,True,False
43,393704112-M-Z-AXXX-XXX-502-BIA-Nov-1-2018.pdf,https://hrf-asylum-cases.s3.amazonaws.com/393704112-M-Z-AXXX-XXX-502-BIA-Nov-1-2018.pdf,"Edward R. Grant,John Guendelsberger,Molly Kendall Clark",Termination of proceedings; Convention Against Torture,2018-11-01,Mexico,sustained; vacated; terminated,TX,Conroe,,,,False
44,393704641-M-R-E-D-AXXX-XXX-856-BIA-Nov-6-2018.pdf,https://hrf-asylum-cases.s3.amazonaws.com/393704641-M-R-E-D-AXXX-XXX-856-BIA-Nov-6-2018.pdf,"Charles K. Adkins-Blanch,Edward F. Kelly,Joan B Geller",Asylum,2018-11-06,El Salvador,sustained; remanded,NC,Charlotte,,,,False
45,395953185-E-O-R-A-AXXX-XXX-056-BIA-Nov-8-2018.pdf,https://hrf-asylum-cases.s3.amazonaws.com/395953185-E-O-R-A-AXXX-XXX-056-BIA-Nov-8-2018.pdf,"Charles K. Adkins-Blanch,John Guendelsberger,Molly Kendall Clark",Asylum; withholding of removal; Convention Against Torture,2018-11-08,El Salvador,remanded,TX,Pearsall,social group,gang,True,False
46,395953588-Manuel-Romero-Canchola-A044-094-053-BIA-Nov-13-2018.pdf,https://hrf-asylum-cases.s3.amazonaws.com/395953588-Manuel-Romero-Canchola-A044-094-053-BIA-Nov-13-2018.pdf,"Anne J. Greer,Linda S. Wendtland,Teresa L. Donovan",Termination,2018-11-13,Mexico,terminated,TX,Conroe,,,False,False
47,395953628-M-Y-W-AXXX-XXX-210-BIA-Nov-13-2018.pdf,https://hrf-asylum-cases.s3.amazonaws.com/395953628-M-Y-W-AXXX-XXX-210-BIA-Nov-13-2018.pdf,"John P. Crossett,Linda S. Wendtland,Teresa L. Donovan",Asylum,2018-11-13,Ethiopia,sustained; remanded,TX,Irvine,"social, political",gender,False,False
48,398004575-X-G-C-D-AXXX-XXX-474-BIA-Dec-11-2018.pdf,https://hrf-asylum-cases.s3.amazonaws.com/398004575-X-G-C-D-AXXX-XXX-474-BIA-Dec-11-2018.pdf,"Anne J. Greer,Blair O'Connor,John P. Crossett",Asylum; withholding of removal; Convention Against Torture,2018-12-11,Mexico,remanded,WA,Seattle,social,gender,,False
49,398004870-R-A-M-R-AXXX-XXX-851-BIA-Dec-17-2018.pdf,https://hrf-asylum-cases.s3.amazonaws.com/398004870-R-A-M-R-AXXX-XXX-851-BIA-Dec-17-2018.pdf,"Anne J. Greer,Patricia A. Cole,Teresa L. Donovan","Asylum, withholding of removal, Convention Against Torture",2018-12-17,Nicaragua,remanded; sustained,CA,Culver City,political,state-based violence,False,False
50,398005224-V-M-Z-B-AXXX-XXX-488-BIA-Dec-19-2018.pdf,https://hrf-asylum-cases.s3.amazonaws.com/398005224-V-M-Z-B-AXXX-XXX-488-BIA-Dec-19-2018.pdf,"Edward R. Grant,John Guendelsberger,Molly Kendall Clark",Reopening,2018-12-19,El Salvador,remanded; granted,NE,Omaha,not indicated,gang,False,False
51,398005328-J-C-T-AXXX-XXX-956-BIA-Dec-20-2018.pdf,https://hrf-asylum-cases.s3.amazonaws.com/398005328-J-C-T-AXXX-XXX-956-BIA-Dec-20-2018.pdf,Edward R. Grant,Reopening,2018-12-20,Cameroon,remanded; granted,,"Washington, DC",political,state-based violence,,False
52,398005367-S-R-P-O-AXXX-XXX-056-BIA-Dec-20-2018.pdf,https://hrf-asylum-cases.s3.amazonaws.com/398005367-S-R-P-O-AXXX-XXX-056-BIA-Dec-20-2018.pdf,"Anne J. . Greer,John P. Crossett,Linda S Wendtland",Asylum; withholding of removal; Convention Against Torture,2018-12-20,Mexico,remanded,AZ,Tuscon,social,gender,,False
53,398005759-F-M-N-AXXX-XXX-877-BIA-Dec-27-2018.pdf,https://hrf-asylum-cases.s3.amazonaws.com/398005759-F-M-N-AXXX-XXX-877-BIA-Dec-27-2018.pdf,"Edward R. Grant,John Guendelsberger,Molly Kendall Clark",Withholding of removal; Convention Against Torture,2018-12-27,Congo,remanded,PA,Philidelphia,not indicated,,False,True
54,398005982-A-A-A-AXXX-XXX-727-BIA-Jan-4-2019.pdf,https://hrf-asylum-cases.s3.amazonaws.com/398005982-A-A-A-AXXX-XXX-727-BIA-Jan-4-2019.pdf,"Charles K. Adkins-Blanch,Edward F. Kelly,Molly Kendall Clark",Withholding of removal,2019-01-04,Somalia,sustained; dismissed; remanded,MN,Minneapolis,political,state-based violence,,False
55,398214638-N-T-A-AXXX-XXX-777-BIA-Aug-12-2011.pdf,https://hrf-asylum-cases.s3.amazonaws.com/398214638-N-T-A-AXXX-XXX-777-BIA-Aug-12-2011.pdf,"Anne J. Greer,Linda S. Wendtland,Roger Pauley",Asylum; withholding ofremoval; Convention Against Torture,2011-08-12,Ethiopia,sustained; remanded; vacated,VA,Alexandria,political,state-based violence,False,False
56,400014991-V-J-M-L-AXXX-XXX-844-BIA-Jan-17-2019.pdf,https://hrf-asylum-cases.s3.amazonaws.com/400014991-V-J-M-L-AXXX-XXX-844-BIA-Jan-17-2019.pdf,Charles K. Adkins-Blanch,Withholding of removal; Convention Against Torture,2019-01-17,Guatemala,remanded,TX,El Paso,not indicated,not indicated,False,False
57,400015107-A-M-S-AXXX-XXX-507-BIA-Jan-24-2019.pdf,https://hrf-asylum-cases.s3.amazonaws.com/400015107-A-M-S-AXXX-XXX-507-BIA-Jan-24-2019.pdf,Edward F. Kelly,Convention Against Torture,2019-01-24,Dominican Republic,dismissed; remanded,NY,New York,"social, political",,True,False
58,400015130-W-M-Y-AXXX-XXX-044-BIA-Jan-28-2019.pdf,https://hrf-asylum-cases.s3.amazonaws.com/400015130-W-M-Y-AXXX-XXX-044-BIA-Jan-28-2019.pdf,Edward R. Grant,Reopening,2019-01-28,Iraq,denied; remanded; granted,MI,Southfield,"social, political",,,False
59,400017062-G-N-L-AXXX-XXX-970-BIA-Feb-1-2019.pdf,https://hrf-asylum-cases.s3.amazonaws.com/400017062-G-N-L-AXXX-XXX-970-BIA-Feb-1-2019.pdf,Patricia A Cole Anne J. Linda S. Greer Wendtland,Asylum; withholding ofremoval; Convention Against Torture,2019-02-01,El Salvador,sustained; remanded,CA,Los Angeles,political,"gang, state-based",,True
60,400017191-G-J-B-AXXX-XXX-285-BIA-Feb-1-2019.pdf,https://hrf-asylum-cases.s3.amazonaws.com/400017191-G-J-B-AXXX-XXX-285-BIA-Feb-1-2019.pdf,Teresa L. Anne J. Donovan Linda S. Greer Wendtland,Waiver of deportability under section 237(a)(l)(H) of the Act; asylum; withholding of removal; Convention Against Torture,2019-02-01,Haiti,dismissed; sustained; remanded,FL,Miami ,political,,True,False
61,402309445-C-S-N-AXXX-XXX-231-BIA-Feb-12-2019.pdf,https://hrf-asylum-cases.s3.amazonaws.com/402309445-C-S-N-AXXX-XXX-231-BIA-Feb-12-2019.pdf,Gwendolyn T.D. Franks Assistant Chief Counsel,Asylum,2019-02-12,Cameroon,sustained; remanded,AZ,Eloy,political,,True,False
62,402310836-M-F-H-AXXX-XXX-149-BIA-Feb-13-2019.pdf,https://hrf-asylum-cases.s3.amazonaws.com/402310836-M-F-H-AXXX-XXX-149-BIA-Feb-13-2019.pdf,Teresa L. Blair Donovan Garry D. O'Connor Malphrus,Withholding ofremoval; Convention Against Torture,2019-02-13,,dismissed; remanded; affirmed,CA,San Diego,social,,,
63,402315262-G-T-R-AXXX-XXX-284-BIA-Feb-22-2019.pdf,https://hrf-asylum-cases.s3.amazonaws.com/402315262-G-T-R-AXXX-XXX-284-BIA-Feb-22-2019.pdf,Charles K. Edward F. Adkins-Blanch Kelly Ana Mann,Asylum; withholding of removal; Convention Against Torture; termination of proceedings; remand,2019-02-22,,denied; remanded,MO,Kansas City,not indicated,,True,
64,402315581-M-G-M-AXXX-XXX-152-BIA-Feb-22-2019.pdf,https://hrf-asylum-cases.s3.amazonaws.com/402315581-M-G-M-AXXX-XXX-152-BIA-Feb-22-2019.pdf,Teresa Donovan Blair O'Connor Linda Wendtland,Removal,2019-02-22,Mexico,Remanded,MO,Kansas City,social,gang,True,False
65,402316607-R-R-P-AXXX-XXX-272-BIA-Feb-22-2019.pdf,https://hrf-asylum-cases.s3.amazonaws.com/402316607-R-R-P-AXXX-XXX-272-BIA-Feb-22-2019.pdf,Linda Wendtland Anne Greer Teresa Donovan,Asylum and/or withholding proceedings,2019-02-22,Guatemala,Sustained; remanded,,,political,gang,,
66,402318267-J-M-B-AXXX-XXX-197-BIA-Feb-28-2019.pdf,https://hrf-asylum-cases.s3.amazonaws.com/402318267-J-M-B-AXXX-XXX-197-BIA-Feb-28-2019.pdf,Linda S. Wendtland Patricia A. Cole Anne J. Greer,Asylum; withholding of removal; Convention Against Torture,2019-02-28,Mexico,sustained; granted; remanded,CA,San Diego,social,gender,False,False
67,406491549-K-A-A-P-AXXX-XXX-625-BIA-March-7-2019.pdf,https://hrf-asylum-cases.s3.amazonaws.com/406491549-K-A-A-P-AXXX-XXX-625-BIA-March-7-2019.pdf,,,,,dismissed; remanded,,,,,,
68,406492274-R-D-AXXX-XXX-123-BIA-March-8-2019.pdf,https://hrf-asylum-cases.s3.amazonaws.com/406492274-R-D-AXXX-XXX-123-BIA-March-8-2019.pdf,,,,,Sustained; remanded,,,,,,
69,406493371-P-S-C-AXXX-XXX-778-BIA-March-13-2019.pdf,https://hrf-asylum-cases.s3.amazonaws.com/406493371-P-S-C-AXXX-XXX-778-BIA-March-13-2019.pdf,,,,,Remanded,,,,,,
70,406499054-M-H-A-AXXX-XXX-784-BIA-March-15-2019.pdf,https://hrf-asylum-cases.s3.amazonaws.com/406499054-M-H-A-AXXX-XXX-784-BIA-March-15-2019.pdf,,,,,Sustained; remanded,,,,,,
71,406502213-Nevanly-Cisse-A077-943-726-BIA-April-1-2019.pdf,https://hrf-asylum-cases.s3.amazonaws.com/406502213-Nevanly-Cisse-A077-943-726-BIA-April-1-2019.pdf,,,,,Sustained; remanded,,,,,,
72,411260735-T-S-M-AXXX-XXX-911-BIA-April-16-2019.pdf,https://hrf-asylum-cases.s3.amazonaws.com/411260735-T-S-M-AXXX-XXX-911-BIA-April-16-2019.pdf,,,,,Remanded,,,,,,
73,411263766-J-W-A-L-AXXX-XXX-848-BIA-April-26-2019.pdf,https://hrf-asylum-cases.s3.amazonaws.com/411263766-J-W-A-L-AXXX-XXX-848-BIA-April-26-2019.pdf,,,,,dismissed; remanded,,,,,,
74,411264955-S-D-S-C-AXXX-XXX-765-BIA-May-3-2019.pdf,https://hrf-asylum-cases.s3.amazonaws.com/411264955-S-D-S-C-AXXX-XXX-765-BIA-May-3-2019.pdf,,,,,Sustained; remanded,,,,,,
75,411265520-H-A-C-G-AXXX-XXX-420-BIA-May-8-2019.pdf,https://hrf-asylum-cases.s3.amazonaws.com/411265520-H-A-C-G-AXXX-XXX-420-BIA-May-8-2019.pdf,,,,,Sustained; remanded,,,,,,
76,414380976-D-F-L-S-AXXX-XXX-858-BIA-May-20-2010.pdf,https://hrf-asylum-cases.s3.amazonaws.com/414380976-D-F-L-S-AXXX-XXX-858-BIA-May-20-2010.pdf,Linda Wendtland Roger Pauley Anne Greer,"Removal, CAT",2010-05-20,Peru,remanded,CA,San Francisco,social,"family, state",True,False
77,414381359-J-V-C-AXXX-XXX-875-BIA-May-10-2019.pdf,https://hrf-asylum-cases.s3.amazonaws.com/414381359-J-V-C-AXXX-XXX-875-BIA-May-10-2019.pdf,Mark Noferi Teresa Donovan Linda Wendtland,"Removal, CAT",2019-05-10,Honduras,remanded,PA,York,,,True,False
78,414381927-M-A-W-AXXX-XXX-929-BIA-May-17-2019.pdf,https://hrf-asylum-cases.s3.amazonaws.com/414381927-M-A-W-AXXX-XXX-929-BIA-May-17-2019.pdf,Mark Noferi,Asylum,2019-05-17,Somalia,dismissed; remanded,NE,Omaha,"social, political",gang,True,False
79,414382478-S-S-S-AXXX-XXX-836-BIA-May-23-2019.pdf,https://hrf-asylum-cases.s3.amazonaws.com/414382478-S-S-S-AXXX-XXX-836-BIA-May-23-2019.pdf,Edward Grant,CAT,2019-05-23,Iraq,Granted; remanded,MI,Detroit,nationality,state,True,False
80,414382702-M-I-A-R-AXXX-XXX-985-BIA-May-24-2019.pdf,https://hrf-asylum-cases.s3.amazonaws.com/414382702-M-I-A-R-AXXX-XXX-985-BIA-May-24-2019.pdf,Daniel Morris Edward Kelly Ana Mann,"Removal, CAT, Asylum",2019-05-24,El Salvador,sustained; remanded,VA,Arlington,social,gang,True,False
81,414383232-J-C-J-AXXX-XXX-315-BIA-May-29-2019.pdf,https://hrf-asylum-cases.s3.amazonaws.com/414383232-J-C-J-AXXX-XXX-315-BIA-May-29-2019.pdf,Mark Noferi Linda Wendtland Teresa Donovan,"Removal, CAT",2019-05-29,Mexico,sustained; remanded,WA,Tacoma,nationality,"family, state, gang",True,False
82,414383507-J-J-I-I-AXXX-XXX-297-BIA-May-30-2019.pdf,https://hrf-asylum-cases.s3.amazonaws.com/414383507-J-J-I-I-AXXX-XXX-297-BIA-May-30-2019.pdf,Linda Wendtland Anne Greer Teresa Donovan,"Removal, CAT, Asylum",2019-05-30,Mexico,remanded; denied,CA,San Francisco,social,,True,True
83,414384547-O-A-M-A-AXXX-XXX-347-BIA-June-4-2019.pdf,https://hrf-asylum-cases.s3.amazonaws.com/414384547-O-A-M-A-AXXX-XXX-347-BIA-June-4-2019.pdf,Beth Liebmann Daniel Morris Edward Kelly,Asylum,2019-06-04,El Salvador,sustained; remanded; vacated,FL,Miami,political,,True,False
84,414384746-W-S-Y-AXXX-XXX-857-BIA-June-6-2019.pdf,https://hrf-asylum-cases.s3.amazonaws.com/414384746-W-S-Y-AXXX-XXX-857-BIA-June-6-2019.pdf,Michael Baird Garry Malphrus Hugh Mullane,"Asylum, Removal",2019-06-06,China,sustained; remanded; vacated,TX,Harlingen,,,True,True
85,419387947-F-D-P-V-AXXX-XXX-181-BIA-June-13-2019.pdf,https://hrf-asylum-cases.s3.amazonaws.com/419387947-F-D-P-V-AXXX-XXX-181-BIA-June-13-2019.pdf,Ana Mann Daniel Morris Charles Adkins-Blanch,"Removal, CAT, Asylum",2019-06-13,Guatemala,remanded,AZ,Phoenix,,family,True,True
86,419389899-G-A-AXXX-XXX-612-BIA-June-21-2019.pdf,https://hrf-asylum-cases.s3.amazonaws.com/419389899-G-A-AXXX-XXX-612-BIA-June-21-2019.pdf,Linda Wendtland Patricia Cole Teresa Donovan,Asylum,2019-06-21,Ghana,remanded,TX,Conroe,,gender,True,False
87,419390118-Mykola-Hnatyuk-A055-034-818-BIA-June-24-2019.pdf,https://hrf-asylum-cases.s3.amazonaws.com/419390118-Mykola-Hnatyuk-A055-034-818-BIA-June-24-2019.pdf,Michael Baird Ellen Liebowitz Michael Creppy,"Removal, Asylum",2019-06-24,,sustained; terminated,CT,Hartford,,,True,False
88,419390280-F-A-E-M-AXXX-XXX-357-BIA-June-27-2019.pdf,https://hrf-asylum-cases.s3.amazonaws.com/419390280-F-A-E-M-AXXX-XXX-357-BIA-June-27-2019.pdf,Charles Adkins-Blanch Molly Kendall Clark John Guendelsberger,"Removal, CAT, Asylum",2019-06-27,Honduras,Sustained; remanded,NM,Chaparral,social,"gender, gang, family, state",True,False
89,419391413-J-A-R-AXXX-XXX-246-BIA-July-8-2019.pdf,https://hrf-asylum-cases.s3.amazonaws.com/419391413-J-A-R-AXXX-XXX-246-BIA-July-8-2019.pdf,Edward Grant John Guendelsberger Molly Kendall Clark,"Removal, CAT, Asylum",2019-07-08,El Salvador,remanded,CA,San Francisco,social,gender,True,False
90,419391571-H-G-P-H-AXXX-XXX-178-BIA-July-9-2019.pdf,https://hrf-asylum-cases.s3.amazonaws.com/419391571-H-G-P-H-AXXX-XXX-178-BIA-July-9-2019.pdf,Teresa Donovan,"Removal, CAT, Asylum",2019-07-09,Honduras,remanded,NY,New York,social,,True,False
91,419391625-J-R-F-F-AXXX-XXX-634-BIA-July-9-2019.pdf,https://hrf-asylum-cases.s3.amazonaws.com/419391625-J-R-F-F-AXXX-XXX-634-BIA-July-9-2019.pdf,Teresa Donovan Scott Rosen Blair O'Connor,"Removal, Asylum",2019-07-09,Honduras,remanded,VA,Arlington,social,,True,True
92,422395780-P-A-S-AXXX-XXX-417-BIA-July-11-2019.pdf,https://hrf-asylum-cases.s3.amazonaws.com/422395780-P-A-S-AXXX-XXX-417-BIA-July-11-2019.pdf,Anne Greer Teresa Donovan Linda Wendtland,CAT,2019-07-01,El Salvador,remanded,CA,Los Angeles,,gang,,False
93,427090180-J-C-P-I-AXXX-XXX-738-BIA-Aug-9-2019.pdf,https://hrf-asylum-cases.s3.amazonaws.com/427090180-J-C-P-I-AXXX-XXX-738-BIA-Aug-9-2019.pdf,Mark Noferi Ellen Liebowitz Michael Creppy,"Asylum, withholding of removal, CAT",2019-08-09,Hunduras,remanded,CA,San Diego,social,family,True,False
94,427090540-R-R-H-AXXX-XXX-423-BIA-Aug-12-2019.pdf,https://hrf-asylum-cases.s3.amazonaws.com/427090540-R-R-H-AXXX-XXX-423-BIA-Aug-12-2019.pdf,Teresa Donovan Linda Wendtland Blair O'Connor,"Asylum, withholding of removal, CAT",2019-08-12,Mexico,remanded; dismissed,WA,Seattle,social,family,True,False
95,427093204-S-I-AXXX-XXX-729-BIA-Aug-29-2019.pdf,https://hrf-asylum-cases.s3.amazonaws.com/427093204-S-I-AXXX-XXX-729-BIA-Aug-29-2019.pdf,Molly Kendal Clark Edward Grant John Guendeisberg,"Asylum, withholding of removal, CAT",2019-08-29,Bangladesh,remanded,AZ,Eloy,political,family,True,False
96,427098379-B-S-R-AXXX-XXX-958-BIA-Sept-3-2019.pdf,https://hrf-asylum-cases.s3.amazonaws.com/427098379-B-S-R-AXXX-XXX-958-BIA-Sept-3-2019.pdf,Anne Greer,"Asylum, withholding of removal, CAT",2019-09-03,Mexico,remanded,AZ,Florence,,,,False
97,431711050-C-N-A-AXXX-XXX-484-BIA-Sept-12-2019.pdf,https://hrf-asylum-cases.s3.amazonaws.com/431711050-C-N-A-AXXX-XXX-484-BIA-Sept-12-2019.pdf,Edward Kelly Edward Grant John Guendeisberg,"Asylum, withholding of removal, CAT",2019-09-12,Cameroon,remanded; sustained,TX,Conroe,political; social,,True,False
98,431711258-M-F-I-AXXX-XXX-834-BIA-Sept-13-2019.pdf,https://hrf-asylum-cases.s3.amazonaws.com/431711258-M-F-I-AXXX-XXX-834-BIA-Sept-13-2019.pdf,Molly Kendal Clark Edward Grant John Guendeisberg,"Asylum, withholding of removal, CAT",2019-09-13,Bangladesh,remanded,LA,Oakdale,,,,False
99,431712155-J-G-C-A-AXXX-XXX-254-BIA-Sept-19-2019.pdf,https://hrf-asylum-cases.s3.amazonaws.com/431712155-J-G-C-A-AXXX-XXX-254-BIA-Sept-19-2019.pdf,Blair O'Connor Anne Greer Mark Noferi,"Asylum, withholding of removal, CAT",2019-09-19,not specified,remanded,TX,Los Fresnos,,,,False
100,431713163-S-J-G-AXXX-XXX-005-BIA-Sept-23-2019.pdf,https://hrf-asylum-cases.s3.amazonaws.com/431713163-S-J-G-AXXX-XXX-005-BIA-Sept-23-2019.pdf,Linda Wendtland Anne Greer Mark Noferi,"Asylum, withholding of removal, CAT, Cancellation of Removal",2019-09-23,not specified,sustained; dismissed; remanded,NY,New York,social,gang,,False
101,431713595-D-A-A-AXXX-XXX-079-BIA-Sept-26-2019.pdf,https://hrf-asylum-cases.s3.amazonaws.com/431713595-D-A-A-AXXX-XXX-079-BIA-Sept-26-2019.pdf,CHarles Adkins-Blanch Beth Liebman Edward Kelly,"Asylum, withholding of removal, CAT",2019-09-26,Hunduras,sustained; remanded,TX,Pearsall,social,gender,True,False
102,431714785-P-N-AXXX-XXX-340-BIA-Sept-26-2019.pdf,https://hrf-asylum-cases.s3.amazonaws.com/431714785-P-N-AXXX-XXX-340-BIA-Sept-26-2019.pdf,Patricia Cole Michael Baird Anne Greer,"Asylum, withholding of removal, CAT",2019-09-26,Haiti,sustained; remanded,FL,Orlando,,,,False
103,431716946-J-H-G-AXXX-XXX-552-BIA-Oct-7-2019.pdf,https://hrf-asylum-cases.s3.amazonaws.com/431716946-J-H-G-AXXX-XXX-552-BIA-Oct-7-2019.pdf,Edward Grant,Reopenning,2019-10-07,indonesia,Granted; remanded,PA,Philadelphia,religion,,False,False
104,437041962-J-J-AXXX-XXX-686-BIA-Oct-23-2019.pdf,https://hrf-asylum-cases.s3.amazonaws.com/437041962-J-J-AXXX-XXX-686-BIA-Oct-23-2019.pdf,Anne Greer Earie Wilson Linda Wendtland,"Witholding of removal, CAT, cancellation of removal",2019-10-23,Gambia,Sustained; remanded,NY,New York,social,gender,True,False
105,437042131-R-G-I-AXXX-XXX-732-BIA-Oct-28-2019.pdf,https://hrf-asylum-cases.s3.amazonaws.com/437042131-R-G-I-AXXX-XXX-732-BIA-Oct-28-2019.pdf,Anne Greer Linda Wendtland Blair O'Connor,"Reopenning, Asylum, withholding of removal, CAT",2019-10-28,Guatemala,Sustained; remanded,TX,El Paso,,,,False
106,437078509-Y-V-P-AXXX-XXX-977-BIA-Nov-6-2019.pdf,https://hrf-asylum-cases.s3.amazonaws.com/437078509-Y-V-P-AXXX-XXX-977-BIA-Nov-6-2019.pdf,Michael Baird Ellen Liebowitz Garry Malphrus,"Asylum, withholding of removal, CAT",2019-11-06,El Salvador,remanded,CA,Los Angeles,social,,,False
107,440767169-E-Y-A-G-AXXX-XXX-756-BIA-Nov-13-2019.pdf,https://hrf-asylum-cases.s3.amazonaws.com/440767169-E-Y-A-G-AXXX-XXX-756-BIA-Nov-13-2019.pdf,Linda Wendtland Anne Greer Mark Noferi,"Asylum, withholding of removal, CAT",2019-11-13,El Salvador,remanded,VA,Arlington,political,,False,False
108,440768066-A-A-R-C-AXXX-XXX-901-BIA-Nov-15-2019.pdf,https://hrf-asylum-cases.s3.amazonaws.com/440768066-A-A-R-C-AXXX-XXX-901-BIA-Nov-15-2019.pdf,"Edward R. Grant,John Guendelsberger,Molly Kendall Clark",Asylum; withholding of removal,2019-11-15,El Salvador,remanded,VA,Arlington,social,gang,,False
109,440769960-I-R-M-AXXX-XXX-308-BIA-Nov-22-2019.pdf,https://hrf-asylum-cases.s3.amazonaws.com/440769960-I-R-M-AXXX-XXX-308-BIA-Nov-22-2019.pdf,"Edward R. Grant,John Guendelsberger,Molly Kendall Clark",Asylum; withholding of removal; CAT,2019-11-22,Mexico,dismissed; sustained; remanded,TX,Pearsall,,"family, gender",True,True
110,440770422-M-M-S-AXXX-XXX-983-BIA-Nov-25-2019.pdf,https://hrf-asylum-cases.s3.amazonaws.com/440770422-M-M-S-AXXX-XXX-983-BIA-Nov-25-2019.pdf,"Anne J. Greer,Linda S. Wendtland,Scott Rosen",Asylum; withholding of removal; CAT,2019-11-25,Bangladesh,Sustained; remanded,GA,Atlanta,,,,False
111,440801946-H-J-AXXX-XXX-659-BIA-Dec-10-2019.pdf,https://hrf-asylum-cases.s3.amazonaws.com/440801946-H-J-AXXX-XXX-659-BIA-Dec-10-2019.pdf,"Ellen C Liebowitz,Keith Hunsucker,Michael J. Creppy",Withholding of removal,2019-12-10,South Korea,remanded,TX,Conroe,,,,False
112,443775685-M-S-L-AXXX-XXX-181-BIA-Dec-13-2019.pdf,https://hrf-asylum-cases.s3.amazonaws.com/443775685-M-S-L-AXXX-XXX-181-BIA-Dec-13-2019.pdf,",Ellen C Liebowitz,Michael J. Creppy,Noferi Mark",Termination; cancellation of removal under section 240A(a) of the Act; asylum; withholding of removal; CAT,2019-12-31,Myanmar,remanded,NY,Batavia,,,,False
113,443776154-C-T-AXXX-XXX-676-BIA-Dec-18-2019.pdf,https://hrf-asylum-cases.s3.amazonaws.com/443776154-C-T-AXXX-XXX-676-BIA-Dec-18-2019.pdf,"Ellen C Liebowitz,Michael J. Creppy,William A. Cassidy",Asylum,2019-12-18,Cameroon,sustained; remanded; vacated,TX,El Paso,,,,False
114,443776197-L-F-A-AXXX-XXX-919-BIA-Dec-18-2019.pdf,https://hrf-asylum-cases.s3.amazonaws.com/443776197-L-F-A-AXXX-XXX-919-BIA-Dec-18-2019.pdf,"Edward F. Kelly,Stephanie Gorman,Stuart V. Couch",Reopening; reconsideration,2019-12-18,Guatemala,sustained; remanded; vacated,MA,Boston,"race, social",,,False
115,443776619-D-A-A-AXXX-XXX-643-BIA-Dec-19-2019.pdf,https://hrf-asylum-cases.s3.amazonaws.com/443776619-D-A-A-AXXX-XXX-643-BIA-Dec-19-2019.pdf,"Anne J. Greer,Blair O'Connor,Linda S. Wendtland",Asylum; withholding of removal; CAT; remand; reconsideration,2019-12-19,El Salvador,sustained; remanded,NY,New York,,gang,,True
116,443776836-J-C-B-F-AXXX-XXX-622-BIA-Dec-23-2019.pdf,https://hrf-asylum-cases.s3.amazonaws.com/443776836-J-C-B-F-AXXX-XXX-622-BIA-Dec-23-2019.pdf,"Ana Mann,Beth S. Liebmann,Edward F. Kelly",Withholding of removal; CAT,2019-12-23,El Salvador,sustained; remanded,CA,Adelanto,,,,False
117,443777748-F-R-A-AXXX-XXX-750-BIA-Dec-27-2019.pdf,https://hrf-asylum-cases.s3.amazonaws.com/443777748-F-R-A-AXXX-XXX-750-BIA-Dec-27-2019.pdf,Michael J. Creppy,Deferral of removal under CAT,2019-12-27,Dominican Republic,dismissed; remanded,NY,New York,,,,False
118,443779653-T-O-AXXX-XXX-343-BIA-Dec-30-2019.pdf,https://hrf-asylum-cases.s3.amazonaws.com/443779653-T-O-AXXX-XXX-343-BIA-Dec-30-2019.pdf,"Patricia A. Cole,Scott Rosen,William A. Cassidy",Asylum; withholding of removal; CAT,2019-12-30,Ukraine,sustained; remanded,NY,Buffalo,,,,False
119,447696312-J-V-S-E-AXXX-XXX-159-BIA-Jan-10-2020.pdf,https://hrf-asylum-cases.s3.amazonaws.com/447696312-J-V-S-E-AXXX-XXX-159-BIA-Jan-10-2020.pdf,"Anne J. Greer,Blair O'Connor,Linda S. Wendtland",Withholding of removal; CAT,2020-01-10,Nicaragua,Remanded,NY,New York,,,,False
120,447696403-F-J-AXXX-XXX-616-BIA-Jan-13-2020.pdf,https://hrf-asylum-cases.s3.amazonaws.com/447696403-F-J-AXXX-XXX-616-BIA-Jan-13-2020.pdf,"Garry D. Malphrus,Keith Hunsucker,Michael J. Creppy",Withholding of removal; CAT,2020-01-13,,remanded; granted,VA,Arlington,,,,False
121,447696911-Joan-Arturo-Castillo-A099-240-709-BIA-Jan-15-2020.pdf,https://hrf-asylum-cases.s3.amazonaws.com/447696911-Joan-Arturo-Castillo-A099-240-709-BIA-Jan-15-2020.pdf,"Ellen C Liebowitz,Keith Hunsucker,William A. Cassidy",Reconsideration; reopening,2020-01-15,,remanded,FL,Miami,,,,False
122,447698812-G-L-P-AXXX-XXX-275-BIA-Jan-22-2020.pdf,https://hrf-asylum-cases.s3.amazonaws.com/447698812-G-L-P-AXXX-XXX-275-BIA-Jan-22-2020.pdf,"Beth S. Liebmann,Edward F. Kelly,Hugh G. Mullane",Asylum; withholding of removal; CAT,2020-01-22,El Salvador,dismissed; remanded,MD,Baltimore,,,,False
123,447698988-H-Z-AXXX-XXX-062-BIA-Jan-22-2020.pdf,https://hrf-asylum-cases.s3.amazonaws.com/447698988-H-Z-AXXX-XXX-062-BIA-Jan-22-2020.pdf,"Ellen C Liebowitz,Keith Hunsucker,Michael J. Creppy",Asylum,2020-01-22,China,remanded,HI,Honolulu,,,,False
124,447700484-R-L-M-AXXX-XXX-649-BIA-Jan-23-2020.pdf,https://hrf-asylum-cases.s3.amazonaws.com/447700484-R-L-M-AXXX-XXX-649-BIA-Jan-23-2020.pdf,Deborah K Goodwin,Withholding of Removal,2020-01-23,None,remanded,CA,Los Angeles,None,None,True,False
125,447700599-N-N-R-AXXX-XXX-122-BIA-Jan-24-2020.pdf,https://hrf-asylum-cases.s3.amazonaws.com/447700599-N-N-R-AXXX-XXX-122-BIA-Jan-24-2020.pdf,"Anne J. Greer,Blair O'Connor,Mark Noferi",Termination; asylum; withholding of removal; Convention Against Torture; cancellation of removal,2020-01-24,Pakistan,remanded,TX,Dallas,"Political, ",None,True,False
126,447701547-M-S-D-AXXX-XXX-451-BIA-Jan-28-2020.pdf,https://hrf-asylum-cases.s3.amazonaws.com/447701547-M-S-D-AXXX-XXX-451-BIA-Jan-28-2020.pdf,Deborah K Goodwin,Redetermination of custody status,2020-01-28,Togo,remanded,CA,Los Angeles,None,None,True,False
127,447702410-N-A-B-G-AXXX-XXX-158-BIA-Feb-3-2020.pdf,https://hrf-asylum-cases.s3.amazonaws.com/447702410-N-A-B-G-AXXX-XXX-158-BIA-Feb-3-2020.pdf,Edward F Kelly,Asylum; withholding of removal; Convention Against Torture,2020-02-03,Guatemala,remanded,NY,Batavia,None,None,True,False
128,452083423-A-M-A-H-AXXX-XXX-916-BIA-Feb-10-2020.pdf,https://hrf-asylum-cases.s3.amazonaws.com/452083423-A-M-A-H-AXXX-XXX-916-BIA-Feb-10-2020.pdf,Mark Noferi,Reopening,2020-02-10,El Salvador,Granted; remanded,TX,Houston,None,family,True,False
129,452085302-E-W-AXXX-XXX-177-BIA-Feb-19-2020.pdf,https://hrf-asylum-cases.s3.amazonaws.com/452085302-E-W-AXXX-XXX-177-BIA-Feb-19-2020.pdf,Blair O'Connor,Reopening,2020-02-19,Indonesia,Granted; remanded,NJ,Newark,Religion,None,True,False
130,452085339-M-A-P-AXXX-XXX-227-BIA-Feb-19-2020.pdf,https://hrf-asylum-cases.s3.amazonaws.com/452085339-M-A-P-AXXX-XXX-227-BIA-Feb-19-2020.pdf,Edward R Grant,Reopening,2020-02-19,Indonesia,granted; remanded,MA,Boston,Religion,None,True,False
131,452085561-J-C-H-M-AXXX-XXX-388-BIA-Feb-20-2020.pdf,https://hrf-asylum-cases.s3.amazonaws.com/452085561-J-C-H-M-AXXX-XXX-388-BIA-Feb-20-2020.pdf,"Anne J Greer,Linda S Wendtland,Teresa L Donovan",Reopening,2020-02-20,Honduras,sustained; remanded,FL,Orlando,None,None,True,False
132,452087133-A-S-D-AXXX-XXX-901-BIA-Feb-21-2020.pdf,https://hrf-asylum-cases.s3.amazonaws.com/452087133-A-S-D-AXXX-XXX-901-BIA-Feb-21-2020.pdf,Michael J Creppy,Deferral of removal under the Convention Against Torture,2020-02-21,Russia,dismissed; remanded,NY,New York,None,state,True,False
133,452101236-A-Y-G-AXXX-XXX-689-BIA-Feb-27-2020.pdf,https://hrf-asylum-cases.s3.amazonaws.com/452101236-A-Y-G-AXXX-XXX-689-BIA-Feb-27-2020.pdf,"Ellen C Liebowitz,Keith Hunsucker,Michael J Creppy",Asylum; withholding of removal; Convention Against Torture,2020-02-27,Ethiopia,remanded,MD,Baltimore,None,None,True,False
134,457373978-J-M-J-P-AXXX-XXX-517-BIA-March-13-2020.pdf,https://hrf-asylum-cases.s3.amazonaws.com/457373978-J-M-J-P-AXXX-XXX-517-BIA-March-13-2020.pdf,"Beth S Liebmann,Edward F Kelly,Scott Rosen",Asylum; withholding of removal; Convention Against Torture,2020-03-13,None,Sustained; remanded,GA,Lumpkin,None,None,True,False
135,457374068-J-R-T-M-AXXX-XXX-786-BIA-March-13-2020.pdf,https://hrf-asylum-cases.s3.amazonaws.com/457374068-J-R-T-M-AXXX-XXX-786-BIA-March-13-2020.pdf,"Daniel Morris,Ellen C Liebowitz,Marcos Gemoets",Withholding of removal; Convention Against Torture,2020-03-13,Honduras,sustained; remanded,NJ,Elizabeth,None ,state,True,False
136,457374430-A-E-M-P-AXXX-XXX-795-BIA-March-16-2020.pdf,https://hrf-asylum-cases.s3.amazonaws.com/457374430-A-E-M-P-AXXX-XXX-795-BIA-March-16-2020.pdf,"Creppy Michael J,Ellen C Liebowitz,Marcos Gemoets",Withholding of removal; Convention Against Torture,2020-03-16,El Salvador,sustained; remanded,TX,Pearsall,None,gang,True,False
137,457375787-G-F-V-AXXX-XXX-568-BIA-March-23-2020.pdf,https://hrf-asylum-cases.s3.amazonaws.com/457375787-G-F-V-AXXX-XXX-568-BIA-March-23-2020.pdf,"Anne J Greer,Daniel L Swanwick,Teresa L Donavan",Asylum; withholding of removal; Convention Against Torture; cancellation of removal,2020-03-23,Guatemala,remanded,WA,Seattle,None,None,True,False
138,457376943-J-S-S-AXXX-XXX-471-BIA-March-30-2020.pdf,https://hrf-asylum-cases.s3.amazonaws.com/457376943-J-S-S-AXXX-XXX-471-BIA-March-30-2020.pdf,"Anne J Greer,Blair O'Connor,Teresa L Donovan",Asylum; withholding of removal; Convention Against Torture,2020-03-30,Mexico,sustained; remanded,FL,Miami,Social,None,True,True
139,462824675-D-E-D-L-AXXX-XXX-662-BIA-April-10-2020.pdf,https://hrf-asylum-cases.s3.amazonaws.com/462824675-D-E-D-L-AXXX-XXX-662-BIA-April-10-2020.pdf,"Creppy Michael J,Ellen C Liebowitz,Marcos Gemoets",Asylum; withholding of removal; Convention Against Torture,2020-04-10,Nicaragua,remanded,OH,Cleveland,"Political, Social",state,True,False
140,462825164-H-F-V-G-AXXX-XXX-748-BIA-April-13-2020.pdf,https://hrf-asylum-cases.s3.amazonaws.com/462825164-H-F-V-G-AXXX-XXX-748-BIA-April-13-2020.pdf,Deborah K Goodwin,Asylum; withholding of removal; Convention Against Torture,2020-04-13,Guatemala,remanded,CA,Los Angeles,"Nationality, Social Group",family/domestic violence,,False
141,462826415-C-R-R-S-AXXX-XXX-717-BIA-April-22-2020.pdf,https://hrf-asylum-cases.s3.amazonaws.com/462826415-C-R-R-S-AXXX-XXX-717-BIA-April-22-2020.pdf,"Deborah K. Goodwin,Teresa L. Earle B. Donovan Wilson",Convention Against Torture,2020-04-23,Venezuela,remanded,PA,Philadelphia,"Nationality, Social Group","family, state",n/a- remanded,False
142,462828871-J-P-A-AXXX-XXX-158-BIA-May-1-2020.pdf,https://hrf-asylum-cases.s3.amazonaws.com/462828871-J-P-A-AXXX-XXX-158-BIA-May-1-2020.pdf,"Ana Mann,Hugh G. Mullane Edward R. Grant",Withholding of removal,2020-05-01,El Salvador,sustained; remanded,TX,Houston,,,n/a- remanded,False
143,466549989-C-F-M-C-AXXX-XXX-962-BIA-May-13-2020.pdf,https://hrf-asylum-cases.s3.amazonaws.com/466549989-C-F-M-C-AXXX-XXX-962-BIA-May-13-2020.pdf,"Blair O'Connor,Megan E. Foote,Teresa L. Donovan",Asylum; withholding of removal; Convention Against Torture; remand,2020-05-13,Ecuador,remanded,MA,Boston,,,n/a- remanded,False
144,466552283-S-O-AXXX-XXX-363-BIA-May-19-2020.pdf,https://hrf-asylum-cases.s3.amazonaws.com/466552283-S-O-AXXX-XXX-363-BIA-May-19-2020.pdf,"Deborah K. Goodwin Daniel L. Swanwick,Earle B. Wilson",Asylum; withholding of removal; Convention Against Torture,2020-05-19,Ghana,remanded,NY,Batavia,Social,gender,0- inconsistencies,False
145,470811394-J-Y-P-G-AXXX-XXX-883-BIA-June-11-2020.pdf,https://hrf-asylum-cases.s3.amazonaws.com/470811394-J-Y-P-G-AXXX-XXX-883-BIA-June-11-2020.pdf,"Ana Mann,Edward R. Grant,Hugh G. Mullane",Remand,2020-06-11,El Salvador,sustained; remanded,TX,Houston,,,,False
146,470811646-D-A-C-AXXX-XXX-366-BIA-June-12-2020.pdf,https://hrf-asylum-cases.s3.amazonaws.com/470811646-D-A-C-AXXX-XXX-366-BIA-June-12-2020.pdf,Teresa L. Donovan,Reopening,2020-06-12,Cameroon,Granted; remanded,MD,Baltimore,"Nationality, Political, Social Group",state,,False
147,470812076-M-H-AXXX-XXX-674-BIA-June-16-2020.pdf,https://hrf-asylum-cases.s3.amazonaws.com/470812076-M-H-AXXX-XXX-674-BIA-June-16-2020.pdf,S. Kathleen Pepper,Asylum; withholding of removal; Convention Against Torture,2020-06-16,Bangladesh,remanded,TX,Pearsall,,,0- raising issues of mental health,False
148,470812246-B-W-AXXX-XXX-187-BIA-June-17-2020.pdf,https://hrf-asylum-cases.s3.amazonaws.com/470812246-B-W-AXXX-XXX-187-BIA-June-17-2020.pdf,"Daniel Morris,Keith Hunsucker,Marcos Gemoets",Termination; witholding of removal; Convention Against Torture,2020-06-17,Iraq,granted; terminated,MI,Detroit,,,,False
149,470812759-K-A-B-R-AXXX-XXX-670-BIA-June-22-2020.pdf,https://hrf-asylum-cases.s3.amazonaws.com/470812759-K-A-B-R-AXXX-XXX-670-BIA-June-22-2020.pdf,"Deborah K Goodwin,Earle B. Wilson,Teresa L. Donovan",Asylum; withholding of removal; Convention Against Torture,2020-06-22,Honduras,denied; remanded; sustained,NC,Charlotte,Social,gang,True,True
150,470813136-F-T-G-AXXX-XXX-218-BIA-June-24-2020.pdf,https://hrf-asylum-cases.s3.amazonaws.com/470813136-F-T-G-AXXX-XXX-218-BIA-June-24-2020.pdf,Earle B. Wilson,Asylum; withholding of removal; Convention Against Torture,2020-06-24,Cuba,remanded,MN,Ft. Snelling,"Political, Nationality",state,,False
151,470814353-K-I-AXXX-XXX-247-BIA-July-7-2020.pdf,https://hrf-asylum-cases.s3.amazonaws.com/470814353-K-I-AXXX-XXX-247-BIA-July-7-2020.pdf,"Anne J. Greer,Deborah K Goodwin,Teresa L. Donovan",Asylum; withholding of removal; Convention Against Torture,2020-07-07,Burkina Faso,remanded,LA,Trout,Nationality,state,False,False
152,470814410-R-A-S-G-AXXX-XXX-107-BIA-July-7-2020.pdf,https://hrf-asylum-cases.s3.amazonaws.com/470814410-R-A-S-G-AXXX-XXX-107-BIA-July-7-2020.pdf,"Anne J. Greer,Daniel L. Swanwick,Deborah K. Goodwin",Asylum; withholding of removal; Convention Against Torture,2020-07-07,Cuba,sustained; vacated; remanded,GA,Lumpkin,"Political, Nationality","state, family",True,False
153,473845983-H-R-M-AXXX-XXX-581-BIA-July-2-2020.pdf,https://hrf-asylum-cases.s3.amazonaws.com/473845983-H-R-M-AXXX-XXX-581-BIA-July-2-2020.pdf,"Daniel Morris,Keith Hunsucker,Marcos Gemoets",Asylum; withholding of removal; Convention Against Torture; remand,2020-07-02,Mexico,remanded,CA,San Francisco,Social,"family, gang",,False
154,473846393-K-I-AXXX-XXX-247-BIA-July-7-2020.pdf,https://hrf-asylum-cases.s3.amazonaws.com/473846393-K-I-AXXX-XXX-247-BIA-July-7-2020.pdf,"Anne J. Greer,Deborah K Goodwin,Teresa L. Donovan",Asylum; withholding of removal; Convention Against Torture,2020-07-07,Burkina Faso,remanded,LA,Trout,Nationality,state,False,False
155,473851235-K-I-AXXX-XXX-553-BIA-Aug-5-2020.pdf,https://hrf-asylum-cases.s3.amazonaws.com/473851235-K-I-AXXX-XXX-553-BIA-Aug-5-2020.pdf,Megan Foote Monsky,Asylum; withholding of removal; Convention Against Torture,2020-08-05,Tajikistan,remanded; dismissed,NY,New York,"Nationality, religion",state,False,w
156,477306913-D-P-J-AXXX-XXX-170-BIA-Aug-7-2020.pdf,https://hrf-asylum-cases.s3.amazonaws.com/477306913-D-P-J-AXXX-XXX-170-BIA-Aug-7-2020.pdf,Daniel Ellen C Morris Michael J. Liebowitz Creppy,Asylum; withholding of removal; Convention Against Torture,2020-08-07,Cuba,remanded,GA,Atlanta,,,,
157,477307335-L-R-A-P-AXXX-XXX-515-BIA-Aug-14-2020.pdf,https://hrf-asylum-cases.s3.amazonaws.com/477307335-L-R-A-P-AXXX-XXX-515-BIA-Aug-14-2020.pdf,KEVIN W. Hugh G. RILEY Edward R. Mullane Grant,"Asylum, withholding of removal; Convention Against Torture",2020-08-14,Honduras,sustained; remanded,NC,Charlotte,,,,
158,477307439-S-P-R-H-AXXX-XXX-572-BIA-Aug-17-2020.pdf,https://hrf-asylum-cases.s3.amazonaws.com/477307439-S-P-R-H-AXXX-XXX-572-BIA-Aug-17-2020.pdf,Teresa L. S. Kathleen Donovan Deborah K. Pepper Goodwin,Deferral of removal,2020-08-17,Mexico,dismissed; sustained; remanded,CA,San Diego,,,,
159,477307493-V-J-M-AXXX-XXX-639-BIA-Aug-17-2020.pdf,https://hrf-asylum-cases.s3.amazonaws.com/477307493-V-J-M-AXXX-XXX-639-BIA-Aug-17-2020.pdf,Michael J. Ellen C Creppy Marcos Liebowitz Gemoets,Adjustment of status; withholding of removal; Convention Against Torture,2020-08-17,Liberia,remanded,LA,Trout,,,,
160,477308560-Q-C-AXX-XXX-001-BIA-Sept-1-2020.pdf,https://hrf-asylum-cases.s3.amazonaws.com/477308560-Q-C-AXX-XXX-001-BIA-Sept-1-2020.pdf,S. Kathleen Teresa L. Pepper Deborah K. Donovan Goodwin,Asylum; withholding of removal; Convention Against Torture,2020-09-01,China,sustained; remanded,NY,New York,,,,
161,477308672-H-D-L-AXXX-XXX-563-BIA-Sept-3-2020.pdf,https://hrf-asylum-cases.s3.amazonaws.com/477308672-H-D-L-AXXX-XXX-563-BIA-Sept-3-2020.pdf,Teresa L. Deborah K. Donovan Earle B. Goodwin Wilson,Convention Against Torture,2020-09-03,Vietnam,sustained; remanded; vacated,PA,York,,,,
162,477308704-Y-A-A-R-AXXX-XXX-914-BIA-Sept-3-2020.pdf,https://hrf-asylum-cases.s3.amazonaws.com/477308704-Y-A-A-R-AXXX-XXX-914-BIA-Sept-3-2020.pdf,S. Kathleen Teresa L. Pepper Anne J. Donovan Greer,Asylum; withholding of removal; Convention Against Torture,2020-09-03,Cuba,remanded,GA,Lumpkin,,,,
163,478270188-J-L-T-F-AXXX-XXX-170-BIA-Aug-11-2020.pdf,https://hrf-asylum-cases.s3.amazonaws.com/478270188-J-L-T-F-AXXX-XXX-170-BIA-Aug-11-2020.pdf,S. Kathleen Pepper,Asylum; withholding of removal; Convention Against Torture,2020-08-11,El Salvador,remanded,NY,New York,,,,
164,481524010-E-F-AXXX-XXX-241-BIA-Sept-8-2020.pdf,https://hrf-asylum-cases.s3.amazonaws.com/481524010-E-F-AXXX-XXX-241-BIA-Sept-8-2020.pdf,Teresa L. Anne J. Donovan Earle B. Greer Wilson,Asylum; withholding of removal; Convention Against Torture,2020-09-08,Cameroon,sustained; remanded,GA,Lumpkin,,,,
165,481524478-V-M-B-G-AXXX-XXX-925-BIA-Sept-11-2020.pdf,https://hrf-asylum-cases.s3.amazonaws.com/481524478-V-M-B-G-AXXX-XXX-925-BIA-Sept-11-2020.pdf,Teresa L. Earle 8. Donovan Blair Wilson O'Connor,Asylum; withholding of removal; Convention Against Torture,2020-09-11,El Salvador,remanded,MD,Baltimore,,,,
166,481527271-D-G-G-AXXX-XXX-299-BIA-Sept-24-2020.pdf,https://hrf-asylum-cases.s3.amazonaws.com/481527271-D-G-G-AXXX-XXX-299-BIA-Sept-24-2020.pdf,Keith MEGANFOOTE Hunsucker Michael J. MONSKY Creppy,Asylum; withholding of removal,2020-09-24,El Salvador,remanded,CA,Los Angeles,,,,
167,481527396-Y-H-AXXX-XXX-948-BIA-Sept-24-2020.pdf,https://hrf-asylum-cases.s3.amazonaws.com/481527396-Y-H-AXXX-XXX-948-BIA-Sept-24-2020.pdf,Teresa L. Deborah K. Donovan Edward R. Goodwin Grant,"Asylum, withholding of removal, Convention Against Torture",2020-09-24,China,sustained; remanded; vacated,TX,Irving,,,,
168,481527566-M-C-V-AXXX-XXX-468-BIA-Sept-25-2020.pdf,https://hrf-asylum-cases.s3.amazonaws.com/481527566-M-C-V-AXXX-XXX-468-BIA-Sept-25-2020.pdf,MEGANFOOTE MONSKY,Reopening; reconsideration; remand,2020-09-25,Liberia,granted; remanded,NJ,Newark,,,,
169,481529363-J-I-F-M-AXXX-XXX-834-BIA-Oct-2-2020.pdf,https://hrf-asylum-cases.s3.amazonaws.com/481529363-J-I-F-M-AXXX-XXX-834-BIA-Oct-2-2020.pdf,Teresa L. Anne J. Donovan Deborah K. Greer Goodwin,Asylum; withholding of removal,2020-10-02,Guatemala,remanded,MO,Kansas City,,,,
